ind,Tags,job_title,job_description,skills
0,"Python, Java, C++, Git, Data Structures, Algorithms",Software Engineer,Builds and maintains software applications and services.,"Python, Java, C++, Git, Data Structures, Algorithms"
1,"HTML, CSS, JavaScript, React, TypeScript, Git",Frontend Developer,Builds responsive and interactive user interfaces.,"HTML, CSS, JavaScript, React, TypeScript, Git"
2,"Python, Java, Node.js, SQL, REST API, Git",Backend Developer,"Develops server-side applications, APIs, and backend services.","Python, Java, Node.js, SQL, REST API, Git"
3,"HTML, CSS, JavaScript, React, Node.js, SQL, Git",Full Stack Developer,"Works across frontend, backend, APIs, and databases.","HTML, CSS, JavaScript, React, Node.js, SQL, Git"
4,"Python, SQL, Pandas, NumPy, Scikit-learn, Statistics, Machine Learning",Data Scientist,Analyzes data and builds statistical and machine learning models.,"Python, SQL, Pandas, NumPy, Scikit-learn, Statistics, Machine Learning"
5,"Python, TensorFlow, PyTorch, Scikit-learn, SQL, Machine Learning, MLOps",Machine Learning Engineer,"Develops, trains, deploys, and monitors machine learning systems.","Python, TensorFlow, PyTorch, Scikit-learn, SQL, Machine Learning, MLOps"
6,"Python, PyTorch, TensorFlow, Machine Learning, Deep Learning, NLP",AI Engineer,Builds AI-powered applications and intelligent systems.,"Python, PyTorch, TensorFlow, Machine Learning, Deep Learning, NLP"
7,"Python, SQL, Excel, Power BI, Tableau, Statistics",Data Analyst,Analyzes business data and creates reports and dashboards.,"Python, SQL, Excel, Power BI, Tableau, Statistics"
8,"SQL, Excel, Power BI, Tableau, Requirements Analysis, Communication",Business Analyst,Translates business needs into data-driven requirements and solutions.,"SQL, Excel, Power BI, Tableau, Requirements Analysis, Communication"
9,"Python, SQL, Spark, Hadoop, ETL, AWS, Data Warehousing",Data Engineer,Builds data pipelines and infrastructure for large-scale data processing.,"Python, SQL, Spark, Hadoop, ETL, AWS, Data Warehousing"
10,"SQL, PostgreSQL, MySQL, Oracle, Database Design, Python",Database Developer,"Designs, develops, and optimizes database systems.","SQL, PostgreSQL, MySQL, Oracle, Database Design, Python"
11,"AWS, Azure, GCP, Linux, Docker, Kubernetes, Networking",Cloud Engineer,Designs and maintains cloud infrastructure and services.,"AWS, Azure, GCP, Linux, Docker, Kubernetes, Networking"
12,"Linux, Docker, Kubernetes, Jenkins, Git, AWS, CI/CD",DevOps Engineer,Automates software delivery and manages reliable infrastructure.,"Linux, Docker, Kubernetes, Jenkins, Git, AWS, CI/CD"
13,"Linux, Kubernetes, Docker, Python, Monitoring, AWS, CI/CD",Site Reliability Engineer,"Improves reliability, scalability, and availability of production systems.","Linux, Kubernetes, Docker, Python, Monitoring, AWS, CI/CD"
14,"Networking, Linux, Python, SIEM, Threat Detection, Cybersecurity",Cybersecurity Analyst,Monitors systems and investigates security threats.,"Networking, Linux, Python, SIEM, Threat Detection, Cybersecurity"
15,"Linux, Networking, Python, Cloud Security, Cryptography, Cybersecurity",Security Engineer,Designs and implements security controls for systems and networks.,"Linux, Networking, Python, Cloud Security, Cryptography, Cybersecurity"
16,"TCP/IP, Networking, Cisco, Linux, Routing, Switching",Network Engineer,"Designs, configures, and troubleshoots computer networks.","TCP/IP, Networking, Cisco, Linux, Routing, Switching"
17,"TCP/IP, Firewalls, VPN, Linux, Cisco, Cybersecurity",Network Security Engineer,"Secures networks using firewalls, VPNs, monitoring, and access controls.","TCP/IP, Firewalls, VPN, Linux, Cisco, Cybersecurity"
18,"Linux, Windows Server, Networking, Bash, PowerShell, Cloud",Systems Administrator,"Maintains servers, operating systems, accounts, and IT infrastructure.","Linux, Windows Server, Networking, Bash, PowerShell, Cloud"
19,"C, C++, Linux, Operating Systems, Data Structures, Git",System Software Engineer,Develops low-level system software and operating-system components.,"C, C++, Linux, Operating Systems, Data Structures, Git"
20,"C, C++, Microcontrollers, RTOS, Embedded Linux, Electronics",Embedded Systems Engineer,Develops software for embedded devices and hardware systems.,"C, C++, Microcontrollers, RTOS, Embedded Linux, Electronics"
21,"C, C++, Microcontrollers, Embedded Systems, RTOS, Debugging",Firmware Engineer,Develops and debugs firmware for electronic devices.,"C, C++, Microcontrollers, Embedded Systems, RTOS, Debugging"
22,"Python, C++, ROS, Robotics, Computer Vision, Control Systems",Robotics Engineer,Develops software and control systems for robots.,"Python, C++, ROS, Robotics, Computer Vision, Control Systems"
23,"Python, OpenCV, PyTorch, TensorFlow, Deep Learning, Computer Vision",Computer Vision Engineer,Builds systems that understand images and video.,"Python, OpenCV, PyTorch, TensorFlow, Deep Learning, Computer Vision"
24,"Python, NLP, Transformers, PyTorch, TensorFlow, Machine Learning",NLP Engineer,Develops systems for processing and understanding human language.,"Python, NLP, Transformers, PyTorch, TensorFlow, Machine Learning"
25,"Python, LLMs, Transformers, PyTorch, NLP, RAG, Vector Databases",Generative AI Engineer,Builds applications using large language models and generative AI.,"Python, LLMs, Transformers, PyTorch, NLP, RAG, Vector Databases"
26,"Python, Docker, Kubernetes, MLflow, AWS, CI/CD, Machine Learning",MLOps Engineer,Builds infrastructure and workflows for deploying ML models.,"Python, Docker, Kubernetes, MLflow, AWS, CI/CD, Machine Learning"
27,"Python, C++, Statistics, Mathematics, Machine Learning, Finance",Quantitative Analyst,Uses mathematical and statistical models to analyze financial markets.,"Python, C++, Statistics, Mathematics, Machine Learning, Finance"
28,"Excel, Financial Modeling, SQL, Power BI, Accounting, Finance",Financial Analyst,"Analyzes financial data, forecasts, and business performance.","Excel, Financial Modeling, SQL, Power BI, Accounting, Finance"
29,"Product Management, Agile, Scrum, Analytics, Communication, SQL",Product Manager,"Defines product requirements, priorities, and product strategy.","Product Management, Agile, Scrum, Analytics, Communication, SQL"
30,"Project Management, Agile, Scrum, Jira, Communication, Risk Management",Project Manager,"Plans and manages projects, timelines, teams, and resources.","Project Management, Agile, Scrum, Jira, Communication, Risk Management"
31,"Figma, UI Design, UX Research, Prototyping, Wireframing",UI/UX Designer,"Designs user experiences, interfaces, and interactive prototypes.","Figma, UI Design, UX Research, Prototyping, Wireframing"
32,"Manual Testing, Test Cases, SQL, Jira, API Testing, Software Testing",QA Engineer,Tests software to identify defects and verify requirements.,"Manual Testing, Test Cases, SQL, Jira, API Testing, Software Testing"
33,"Selenium, Python, Java, API Testing, Test Automation, Git",QA Automation Engineer,Builds automated tests for software applications.,"Selenium, Python, Java, API Testing, Test Automation, Git"
34,"Android, Kotlin, Java, Firebase, Git",Mobile App Developer,Develops applications for Android mobile devices.,"Android, Kotlin, Java, Firebase, Git"
35,"Swift, SwiftUI, Xcode, iOS, Git",iOS Developer,Develops applications for Apple platforms.,"Swift, SwiftUI, Xcode, iOS, Git"
36,"React, JavaScript, TypeScript, HTML, CSS, Git",React Developer,Builds modern web applications using React.,"React, JavaScript, TypeScript, HTML, CSS, Git"
37,"Node.js, JavaScript, Express, REST API, MongoDB, Git",Node.js Developer,Develops backend applications and APIs with Node.js.,"Node.js, JavaScript, Express, REST API, MongoDB, Git"
38,"Java, Spring Boot, SQL, REST API, Git, Microservices",Java Developer,Develops enterprise and backend applications using Java.,"Java, Spring Boot, SQL, REST API, Git, Microservices"
39,"Python, Django, Flask, FastAPI, SQL, Git",Python Developer,"Builds web applications, APIs, and automation using Python.","Python, Django, Flask, FastAPI, SQL, Git"
40,"C++, STL, Data Structures, Algorithms, Linux, Git",C++ Developer,Develops high-performance applications using C++.,"C++, STL, Data Structures, Algorithms, Linux, Git"
41,"Solidity, Ethereum, Web3, JavaScript, Cryptography, Smart Contracts",Blockchain Developer,Develops blockchain applications and smart contracts.,"Solidity, Ethereum, Web3, JavaScript, Cryptography, Smart Contracts"
42,"C++, C#, Unity, Unreal Engine, 3D Math, Game Development",Game Developer,Develops interactive games and game systems.,"C++, C#, Unity, Unreal Engine, 3D Math, Game Development"
43,"Unity, C#, 3D Graphics, Blender, Computer Vision, AR/VR",AR/VR Developer,Develops augmented and virtual reality experiences.,"Unity, C#, 3D Graphics, Blender, Computer Vision, AR/VR"
44,"AWS, Azure, Cloud Architecture, Networking, Docker, Kubernetes",Solutions Architect,Designs scalable technical architectures and cloud solutions.,"AWS, Azure, Cloud Architecture, Networking, Docker, Kubernetes"
45,"AWS, Azure, IAM, Networking, Linux, Cybersecurity",Cloud Security Engineer,"Secures cloud platforms, identities, workloads, and infrastructure.","AWS, Azure, IAM, Networking, Linux, Cybersecurity"
46,"Python, PyTorch, Mathematics, Deep Learning, Research, Machine Learning",AI Research Scientist,Researches new algorithms and methods in artificial intelligence.,"Python, PyTorch, Mathematics, Deep Learning, Research, Machine Learning"
47,"Python, Statistics, Mathematics, Research, Machine Learning, Data Analysis",Research Scientist,Conducts technical research and develops analytical methods.,"Python, Statistics, Mathematics, Research, Machine Learning, Data Analysis"
48,"Python, Java, C++, Git, Data Structures, Algorithms",Software Engineer,Builds and maintains software applications and services.,"Python, Java, C++, Git, Data Structures, Algorithms"
49,"HTML, CSS, JavaScript, React, TypeScript, Git",Frontend Developer,Builds responsive and interactive user interfaces.,"HTML, CSS, JavaScript, React, TypeScript, Git"
50,"Python, Java, Node.js, SQL, REST API, Git",Backend Developer,"Develops server-side applications, APIs, and backend services.","Python, Java, Node.js, SQL, REST API, Git"
51,"HTML, CSS, JavaScript, React, Node.js, SQL, Git",Full Stack Developer,"Works across frontend, backend, APIs, and databases.","HTML, CSS, JavaScript, React, Node.js, SQL, Git"
52,"Python, SQL, Pandas, NumPy, Scikit-learn, Statistics, Machine Learning",Data Scientist,Analyzes data and builds statistical and machine learning models.,"Python, SQL, Pandas, NumPy, Scikit-learn, Statistics, Machine Learning"
53,"Python, TensorFlow, PyTorch, Scikit-learn, SQL, Machine Learning, MLOps",Machine Learning Engineer,"Develops, trains, deploys, and monitors machine learning systems.","Python, TensorFlow, PyTorch, Scikit-learn, SQL, Machine Learning, MLOps"
54,"Python, PyTorch, TensorFlow, Machine Learning, Deep Learning, NLP",AI Engineer,Builds AI-powered applications and intelligent systems.,"Python, PyTorch, TensorFlow, Machine Learning, Deep Learning, NLP"
55,"Python, SQL, Excel, Power BI, Tableau, Statistics",Data Analyst,Analyzes business data and creates reports and dashboards.,"Python, SQL, Excel, Power BI, Tableau, Statistics"
56,"SQL, Excel, Power BI, Tableau, Requirements Analysis, Communication",Business Analyst,Translates business needs into data-driven requirements and solutions.,"SQL, Excel, Power BI, Tableau, Requirements Analysis, Communication"
57,"Python, SQL, Spark, Hadoop, ETL, AWS, Data Warehousing",Data Engineer,Builds data pipelines and infrastructure for large-scale data processing.,"Python, SQL, Spark, Hadoop, ETL, AWS, Data Warehousing"
58,"SQL, PostgreSQL, MySQL, Oracle, Database Design, Python",Database Developer,"Designs, develops, and optimizes database systems.","SQL, PostgreSQL, MySQL, Oracle, Database Design, Python"
59,"AWS, Azure, GCP, Linux, Docker, Kubernetes, Networking",Cloud Engineer,Designs and maintains cloud infrastructure and services.,"AWS, Azure, GCP, Linux, Docker, Kubernetes, Networking"
60,"Linux, Docker, Kubernetes, Jenkins, Git, AWS, CI/CD",DevOps Engineer,Automates software delivery and manages reliable infrastructure.,"Linux, Docker, Kubernetes, Jenkins, Git, AWS, CI/CD"
61,"Linux, Kubernetes, Docker, Python, Monitoring, AWS, CI/CD",Site Reliability Engineer,"Improves reliability, scalability, and availability of production systems.","Linux, Kubernetes, Docker, Python, Monitoring, AWS, CI/CD"
62,"Networking, Linux, Python, SIEM, Threat Detection, Cybersecurity",Cybersecurity Analyst,Monitors systems and investigates security threats.,"Networking, Linux, Python, SIEM, Threat Detection, Cybersecurity"
63,"Linux, Networking, Python, Cloud Security, Cryptography, Cybersecurity",Security Engineer,Designs and implements security controls for systems and networks.,"Linux, Networking, Python, Cloud Security, Cryptography, Cybersecurity"
64,"TCP/IP, Networking, Cisco, Linux, Routing, Switching",Network Engineer,"Designs, configures, and troubleshoots computer networks.","TCP/IP, Networking, Cisco, Linux, Routing, Switching"
65,"TCP/IP, Firewalls, VPN, Linux, Cisco, Cybersecurity",Network Security Engineer,"Secures networks using firewalls, VPNs, monitoring, and access controls.","TCP/IP, Firewalls, VPN, Linux, Cisco, Cybersecurity"
66,"Linux, Windows Server, Networking, Bash, PowerShell, Cloud",Systems Administrator,"Maintains servers, operating systems, accounts, and IT infrastructure.","Linux, Windows Server, Networking, Bash, PowerShell, Cloud"
67,"C, C++, Linux, Operating Systems, Data Structures, Git",System Software Engineer,Develops low-level system software and operating-system components.,"C, C++, Linux, Operating Systems, Data Structures, Git"
68,"C, C++, Microcontrollers, RTOS, Embedded Linux, Electronics",Embedded Systems Engineer,Develops software for embedded devices and hardware systems.,"C, C++, Microcontrollers, RTOS, Embedded Linux, Electronics"
69,"C, C++, Microcontrollers, Embedded Systems, RTOS, Debugging",Firmware Engineer,Develops and debugs firmware for electronic devices.,"C, C++, Microcontrollers, Embedded Systems, RTOS, Debugging"
70,"Python, C++, ROS, Robotics, Computer Vision, Control Systems",Robotics Engineer,Develops software and control systems for robots.,"Python, C++, ROS, Robotics, Computer Vision, Control Systems"
71,"Python, OpenCV, PyTorch, TensorFlow, Deep Learning, Computer Vision",Computer Vision Engineer,Builds systems that understand images and video.,"Python, OpenCV, PyTorch, TensorFlow, Deep Learning, Computer Vision"
72,"Python, NLP, Transformers, PyTorch, TensorFlow, Machine Learning",NLP Engineer,Develops systems for processing and understanding human language.,"Python, NLP, Transformers, PyTorch, TensorFlow, Machine Learning"
73,"Python, LLMs, Transformers, PyTorch, NLP, RAG, Vector Databases",Generative AI Engineer,Builds applications using large language models and generative AI.,"Python, LLMs, Transformers, PyTorch, NLP, RAG, Vector Databases"
74,"Python, Docker, Kubernetes, MLflow, AWS, CI/CD, Machine Learning",MLOps Engineer,Builds infrastructure and workflows for deploying ML models.,"Python, Docker, Kubernetes, MLflow, AWS, CI/CD, Machine Learning"
75,"Python, C++, Statistics, Mathematics, Machine Learning, Finance",Quantitative Analyst,Uses mathematical and statistical models to analyze financial markets.,"Python, C++, Statistics, Mathematics, Machine Learning, Finance"
76,"Excel, Financial Modeling, SQL, Power BI, Accounting, Finance",Financial Analyst,"Analyzes financial data, forecasts, and business performance.","Excel, Financial Modeling, SQL, Power BI, Accounting, Finance"
77,"Product Management, Agile, Scrum, Analytics, Communication, SQL",Product Manager,"Defines product requirements, priorities, and product strategy.","Product Management, Agile, Scrum, Analytics, Communication, SQL"
78,"Project Management, Agile, Scrum, Jira, Communication, Risk Management",Project Manager,"Plans and manages projects, timelines, teams, and resources.","Project Management, Agile, Scrum, Jira, Communication, Risk Management"
79,"Figma, UI Design, UX Research, Prototyping, Wireframing",UI/UX Designer,"Designs user experiences, interfaces, and interactive prototypes.","Figma, UI Design, UX Research, Prototyping, Wireframing"
80,"Manual Testing, Test Cases, SQL, Jira, API Testing, Software Testing",QA Engineer,Tests software to identify defects and verify requirements.,"Manual Testing, Test Cases, SQL, Jira, API Testing, Software Testing"
81,"Selenium, Python, Java, API Testing, Test Automation, Git",QA Automation Engineer,Builds automated tests for software applications.,"Selenium, Python, Java, API Testing, Test Automation, Git"
82,"Android, Kotlin, Java, Firebase, Git",Mobile App Developer,Develops applications for Android mobile devices.,"Android, Kotlin, Java, Firebase, Git"
83,"Swift, SwiftUI, Xcode, iOS, Git",iOS Developer,Develops applications for Apple platforms.,"Swift, SwiftUI, Xcode, iOS, Git"
84,"React, JavaScript, TypeScript, HTML, CSS, Git",React Developer,Builds modern web applications using React.,"React, JavaScript, TypeScript, HTML, CSS, Git"
85,"Node.js, JavaScript, Express, REST API, MongoDB, Git",Node.js Developer,Develops backend applications and APIs with Node.js.,"Node.js, JavaScript, Express, REST API, MongoDB, Git"
86,"Java, Spring Boot, SQL, REST API, Git, Microservices",Java Developer,Develops enterprise and backend applications using Java.,"Java, Spring Boot, SQL, REST API, Git, Microservices"
87,"Python, Django, Flask, FastAPI, SQL, Git",Python Developer,"Builds web applications, APIs, and automation using Python.","Python, Django, Flask, FastAPI, SQL, Git"
88,"C++, STL, Data Structures, Algorithms, Linux, Git",C++ Developer,Develops high-performance applications using C++.,"C++, STL, Data Structures, Algorithms, Linux, Git"
89,"Solidity, Ethereum, Web3, JavaScript, Cryptography, Smart Contracts",Blockchain Developer,Develops blockchain applications and smart contracts.,"Solidity, Ethereum, Web3, JavaScript, Cryptography, Smart Contracts"
90,"C++, C#, Unity, Unreal Engine, 3D Math, Game Development",Game Developer,Develops interactive games and game systems.,"C++, C#, Unity, Unreal Engine, 3D Math, Game Development"
91,"Unity, C#, 3D Graphics, Blender, Computer Vision, AR/VR",AR/VR Developer,Develops augmented and virtual reality experiences.,"Unity, C#, 3D Graphics, Blender, Computer Vision, AR/VR"
92,"AWS, Azure, Cloud Architecture, Networking, Docker, Kubernetes",Solutions Architect,Designs scalable technical architectures and cloud solutions.,"AWS, Azure, Cloud Architecture, Networking, Docker, Kubernetes"
93,"AWS, Azure, IAM, Networking, Linux, Cybersecurity",Cloud Security Engineer,"Secures cloud platforms, identities, workloads, and infrastructure.","AWS, Azure, IAM, Networking, Linux, Cybersecurity"
94,"Python, PyTorch, Mathematics, Deep Learning, Research, Machine Learning",AI Research Scientist,Researches new algorithms and methods in artificial intelligence.,"Python, PyTorch, Mathematics, Deep Learning, Research, Machine Learning"
95,"Python, Statistics, Mathematics, Research, Machine Learning, Data Analysis",Research Scientist,Conducts technical research and develops analytical methods.,"Python, Statistics, Mathematics, Research, Machine Learning, Data Analysis"
96,"Python, Java, C++, Git, Data Structures, Algorithms",Software Engineer,Builds and maintains software applications and services.,"Python, Java, C++, Git, Data Structures, Algorithms"
97,"HTML, CSS, JavaScript, React, TypeScript, Git",Frontend Developer,Builds responsive and interactive user interfaces.,"HTML, CSS, JavaScript, React, TypeScript, Git"
98,"Python, Java, Node.js, SQL, REST API, Git",Backend Developer,"Develops server-side applications, APIs, and backend services.","Python, Java, Node.js, SQL, REST API, Git"
99,"HTML, CSS, JavaScript, React, Node.js, SQL, Git",Full Stack Developer,"Works across frontend, backend, APIs, and databases.","HTML, CSS, JavaScript, React, Node.js, SQL, Git"
100,"Python, SQL, Pandas, NumPy, Scikit-learn, Statistics, Machine Learning",Data Scientist,Analyzes data and builds statistical and machine learning models.,"Python, SQL, Pandas, NumPy, Scikit-learn, Statistics, Machine Learning"
101,"Python, TensorFlow, PyTorch, Scikit-learn, SQL, Machine Learning, MLOps",Machine Learning Engineer,"Develops, trains, deploys, and monitors machine learning systems.","Python, TensorFlow, PyTorch, Scikit-learn, SQL, Machine Learning, MLOps"
102,"Python, PyTorch, TensorFlow, Machine Learning, Deep Learning, NLP",AI Engineer,Builds AI-powered applications and intelligent systems.,"Python, PyTorch, TensorFlow, Machine Learning, Deep Learning, NLP"
103,"Python, SQL, Excel, Power BI, Tableau, Statistics",Data Analyst,Analyzes business data and creates reports and dashboards.,"Python, SQL, Excel, Power BI, Tableau, Statistics"
104,"SQL, Excel, Power BI, Tableau, Requirements Analysis, Communication",Business Analyst,Translates business needs into data-driven requirements and solutions.,"SQL, Excel, Power BI, Tableau, Requirements Analysis, Communication"
105,"Python, SQL, Spark, Hadoop, ETL, AWS, Data Warehousing",Data Engineer,Builds data pipelines and infrastructure for large-scale data processing.,"Python, SQL, Spark, Hadoop, ETL, AWS, Data Warehousing"
106,"SQL, PostgreSQL, MySQL, Oracle, Database Design, Python",Database Developer,"Designs, develops, and optimizes database systems.","SQL, PostgreSQL, MySQL, Oracle, Database Design, Python"
107,"AWS, Azure, GCP, Linux, Docker, Kubernetes, Networking",Cloud Engineer,Designs and maintains cloud infrastructure and services.,"AWS, Azure, GCP, Linux, Docker, Kubernetes, Networking"
108,"Linux, Docker, Kubernetes, Jenkins, Git, AWS, CI/CD",DevOps Engineer,Automates software delivery and manages reliable infrastructure.,"Linux, Docker, Kubernetes, Jenkins, Git, AWS, CI/CD"
109,"Linux, Kubernetes, Docker, Python, Monitoring, AWS, CI/CD",Site Reliability Engineer,"Improves reliability, scalability, and availability of production systems.","Linux, Kubernetes, Docker, Python, Monitoring, AWS, CI/CD"
110,"Networking, Linux, Python, SIEM, Threat Detection, Cybersecurity",Cybersecurity Analyst,Monitors systems and investigates security threats.,"Networking, Linux, Python, SIEM, Threat Detection, Cybersecurity"
111,"Linux, Networking, Python, Cloud Security, Cryptography, Cybersecurity",Security Engineer,Designs and implements security controls for systems and networks.,"Linux, Networking, Python, Cloud Security, Cryptography, Cybersecurity"
112,"TCP/IP, Networking, Cisco, Linux, Routing, Switching",Network Engineer,"Designs, configures, and troubleshoots computer networks.","TCP/IP, Networking, Cisco, Linux, Routing, Switching"
113,"TCP/IP, Firewalls, VPN, Linux, Cisco, Cybersecurity",Network Security Engineer,"Secures networks using firewalls, VPNs, monitoring, and access controls.","TCP/IP, Firewalls, VPN, Linux, Cisco, Cybersecurity"
114,"Linux, Windows Server, Networking, Bash, PowerShell, Cloud",Systems Administrator,"Maintains servers, operating systems, accounts, and IT infrastructure.","Linux, Windows Server, Networking, Bash, PowerShell, Cloud"
115,"C, C++, Linux, Operating Systems, Data Structures, Git",System Software Engineer,Develops low-level system software and operating-system components.,"C, C++, Linux, Operating Systems, Data Structures, Git"
116,"C, C++, Microcontrollers, RTOS, Embedded Linux, Electronics",Embedded Systems Engineer,Develops software for embedded devices and hardware systems.,"C, C++, Microcontrollers, RTOS, Embedded Linux, Electronics"
117,"C, C++, Microcontrollers, Embedded Systems, RTOS, Debugging",Firmware Engineer,Develops and debugs firmware for electronic devices.,"C, C++, Microcontrollers, Embedded Systems, RTOS, Debugging"
118,"Python, C++, ROS, Robotics, Computer Vision, Control Systems",Robotics Engineer,Develops software and control systems for robots.,"Python, C++, ROS, Robotics, Computer Vision, Control Systems"
119,"Python, OpenCV, PyTorch, TensorFlow, Deep Learning, Computer Vision",Computer Vision Engineer,Builds systems that understand images and video.,"Python, OpenCV, PyTorch, TensorFlow, Deep Learning, Computer Vision"
120,"Python, NLP, Transformers, PyTorch, TensorFlow, Machine Learning",NLP Engineer,Develops systems for processing and understanding human language.,"Python, NLP, Transformers, PyTorch, TensorFlow, Machine Learning"
121,"Python, LLMs, Transformers, PyTorch, NLP, RAG, Vector Databases",Generative AI Engineer,Builds applications using large language models and generative AI.,"Python, LLMs, Transformers, PyTorch, NLP, RAG, Vector Databases"
122,"Python, Docker, Kubernetes, MLflow, AWS, CI/CD, Machine Learning",MLOps Engineer,Builds infrastructure and workflows for deploying ML models.,"Python, Docker, Kubernetes, MLflow, AWS, CI/CD, Machine Learning"
123,"Python, C++, Statistics, Mathematics, Machine Learning, Finance",Quantitative Analyst,Uses mathematical and statistical models to analyze financial markets.,"Python, C++, Statistics, Mathematics, Machine Learning, Finance"
124,"Excel, Financial Modeling, SQL, Power BI, Accounting, Finance",Financial Analyst,"Analyzes financial data, forecasts, and business performance.","Excel, Financial Modeling, SQL, Power BI, Accounting, Finance"
125,"Product Management, Agile, Scrum, Analytics, Communication, SQL",Product Manager,"Defines product requirements, priorities, and product strategy.","Product Management, Agile, Scrum, Analytics, Communication, SQL"
126,"Project Management, Agile, Scrum, Jira, Communication, Risk Management",Project Manager,"Plans and manages projects, timelines, teams, and resources.","Project Management, Agile, Scrum, Jira, Communication, Risk Management"
127,"Figma, UI Design, UX Research, Prototyping, Wireframing",UI/UX Designer,"Designs user experiences, interfaces, and interactive prototypes.","Figma, UI Design, UX Research, Prototyping, Wireframing"
128,"Manual Testing, Test Cases, SQL, Jira, API Testing, Software Testing",QA Engineer,Tests software to identify defects and verify requirements.,"Manual Testing, Test Cases, SQL, Jira, API Testing, Software Testing"
129,"Selenium, Python, Java, API Testing, Test Automation, Git",QA Automation Engineer,Builds automated tests for software applications.,"Selenium, Python, Java, API Testing, Test Automation, Git"
130,"Android, Kotlin, Java, Firebase, Git",Mobile App Developer,Develops applications for Android mobile devices.,"Android, Kotlin, Java, Firebase, Git"
131,"Swift, SwiftUI, Xcode, iOS, Git",iOS Developer,Develops applications for Apple platforms.,"Swift, SwiftUI, Xcode, iOS, Git"
132,"React, JavaScript, TypeScript, HTML, CSS, Git",React Developer,Builds modern web applications using React.,"React, JavaScript, TypeScript, HTML, CSS, Git"
133,"Node.js, JavaScript, Express, REST API, MongoDB, Git",Node.js Developer,Develops backend applications and APIs with Node.js.,"Node.js, JavaScript, Express, REST API, MongoDB, Git"
134,"Java, Spring Boot, SQL, REST API, Git, Microservices",Java Developer,Develops enterprise and backend applications using Java.,"Java, Spring Boot, SQL, REST API, Git, Microservices"
135,"Python, Django, Flask, FastAPI, SQL, Git",Python Developer,"Builds web applications, APIs, and automation using Python.","Python, Django, Flask, FastAPI, SQL, Git"
136,"C++, STL, Data Structures, Algorithms, Linux, Git",C++ Developer,Develops high-performance applications using C++.,"C++, STL, Data Structures, Algorithms, Linux, Git"
137,"Solidity, Ethereum, Web3, JavaScript, Cryptography, Smart Contracts",Blockchain Developer,Develops blockchain applications and smart contracts.,"Solidity, Ethereum, Web3, JavaScript, Cryptography, Smart Contracts"
138,"C++, C#, Unity, Unreal Engine, 3D Math, Game Development",Game Developer,Develops interactive games and game systems.,"C++, C#, Unity, Unreal Engine, 3D Math, Game Development"
139,"Unity, C#, 3D Graphics, Blender, Computer Vision, AR/VR",AR/VR Developer,Develops augmented and virtual reality experiences.,"Unity, C#, 3D Graphics, Blender, Computer Vision, AR/VR"
140,"AWS, Azure, Cloud Architecture, Networking, Docker, Kubernetes",Solutions Architect,Designs scalable technical architectures and cloud solutions.,"AWS, Azure, Cloud Architecture, Networking, Docker, Kubernetes"
141,"AWS, Azure, IAM, Networking, Linux, Cybersecurity",Cloud Security Engineer,"Secures cloud platforms, identities, workloads, and infrastructure.","AWS, Azure, IAM, Networking, Linux, Cybersecurity"
142,"Python, PyTorch, Mathematics, Deep Learning, Research, Machine Learning",AI Research Scientist,Researches new algorithms and methods in artificial intelligence.,"Python, PyTorch, Mathematics, Deep Learning, Research, Machine Learning"
143,"Python, Statistics, Mathematics, Research, Machine Learning, Data Analysis",Research Scientist,Conducts technical research and develops analytical methods.,"Python, Statistics, Mathematics, Research, Machine Learning, Data Analysis"
144,"Python, Java, C++, Git, Data Structures, Algorithms",Software Engineer,Builds and maintains software applications and services.,"Python, Java, C++, Git, Data Structures, Algorithms"
145,"HTML, CSS, JavaScript, React, TypeScript, Git",Frontend Developer,Builds responsive and interactive user interfaces.,"HTML, CSS, JavaScript, React, TypeScript, Git"
146,"Python, Java, Node.js, SQL, REST API, Git",Backend Developer,"Develops server-side applications, APIs, and backend services.","Python, Java, Node.js, SQL, REST API, Git"
147,"HTML, CSS, JavaScript, React, Node.js, SQL, Git",Full Stack Developer,"Works across frontend, backend, APIs, and databases.","HTML, CSS, JavaScript, React, Node.js, SQL, Git"
148,"Python, SQL, Pandas, NumPy, Scikit-learn, Statistics, Machine Learning",Data Scientist,Analyzes data and builds statistical and machine learning models.,"Python, SQL, Pandas, NumPy, Scikit-learn, Statistics, Machine Learning"
149,"Python, TensorFlow, PyTorch, Scikit-learn, SQL, Machine Learning, MLOps",Machine Learning Engineer,"Develops, trains, deploys, and monitors machine learning systems.","Python, TensorFlow, PyTorch, Scikit-learn, SQL, Machine Learning, MLOps"
150,"Python, PyTorch, TensorFlow, Machine Learning, Deep Learning, NLP",AI Engineer,Builds AI-powered applications and intelligent systems.,"Python, PyTorch, TensorFlow, Machine Learning, Deep Learning, NLP"
151,"Python, SQL, Excel, Power BI, Tableau, Statistics",Data Analyst,Analyzes business data and creates reports and dashboards.,"Python, SQL, Excel, Power BI, Tableau, Statistics"
152,"SQL, Excel, Power BI, Tableau, Requirements Analysis, Communication",Business Analyst,Translates business needs into data-driven requirements and solutions.,"SQL, Excel, Power BI, Tableau, Requirements Analysis, Communication"
153,"Python, SQL, Spark, Hadoop, ETL, AWS, Data Warehousing",Data Engineer,Builds data pipelines and infrastructure for large-scale data processing.,"Python, SQL, Spark, Hadoop, ETL, AWS, Data Warehousing"
154,"SQL, PostgreSQL, MySQL, Oracle, Database Design, Python",Database Developer,"Designs, develops, and optimizes database systems.","SQL, PostgreSQL, MySQL, Oracle, Database Design, Python"
155,"AWS, Azure, GCP, Linux, Docker, Kubernetes, Networking",Cloud Engineer,Designs and maintains cloud infrastructure and services.,"AWS, Azure, GCP, Linux, Docker, Kubernetes, Networking"
156,"Linux, Docker, Kubernetes, Jenkins, Git, AWS, CI/CD",DevOps Engineer,Automates software delivery and manages reliable infrastructure.,"Linux, Docker, Kubernetes, Jenkins, Git, AWS, CI/CD"
157,"Linux, Kubernetes, Docker, Python, Monitoring, AWS, CI/CD",Site Reliability Engineer,"Improves reliability, scalability, and availability of production systems.","Linux, Kubernetes, Docker, Python, Monitoring, AWS, CI/CD"
158,"Networking, Linux, Python, SIEM, Threat Detection, Cybersecurity",Cybersecurity Analyst,Monitors systems and investigates security threats.,"Networking, Linux, Python, SIEM, Threat Detection, Cybersecurity"
159,"Linux, Networking, Python, Cloud Security, Cryptography, Cybersecurity",Security Engineer,Designs and implements security controls for systems and networks.,"Linux, Networking, Python, Cloud Security, Cryptography, Cybersecurity"
160,"TCP/IP, Networking, Cisco, Linux, Routing, Switching",Network Engineer,"Designs, configures, and troubleshoots computer networks.","TCP/IP, Networking, Cisco, Linux, Routing, Switching"
161,"TCP/IP, Firewalls, VPN, Linux, Cisco, Cybersecurity",Network Security Engineer,"Secures networks using firewalls, VPNs, monitoring, and access controls.","TCP/IP, Firewalls, VPN, Linux, Cisco, Cybersecurity"
162,"Linux, Windows Server, Networking, Bash, PowerShell, Cloud",Systems Administrator,"Maintains servers, operating systems, accounts, and IT infrastructure.","Linux, Windows Server, Networking, Bash, PowerShell, Cloud"
163,"C, C++, Linux, Operating Systems, Data Structures, Git",System Software Engineer,Develops low-level system software and operating-system components.,"C, C++, Linux, Operating Systems, Data Structures, Git"
164,"C, C++, Microcontrollers, RTOS, Embedded Linux, Electronics",Embedded Systems Engineer,Develops software for embedded devices and hardware systems.,"C, C++, Microcontrollers, RTOS, Embedded Linux, Electronics"
165,"C, C++, Microcontrollers, Embedded Systems, RTOS, Debugging",Firmware Engineer,Develops and debugs firmware for electronic devices.,"C, C++, Microcontrollers, Embedded Systems, RTOS, Debugging"
166,"Python, C++, ROS, Robotics, Computer Vision, Control Systems",Robotics Engineer,Develops software and control systems for robots.,"Python, C++, ROS, Robotics, Computer Vision, Control Systems"
167,"Python, OpenCV, PyTorch, TensorFlow, Deep Learning, Computer Vision",Computer Vision Engineer,Builds systems that understand images and video.,"Python, OpenCV, PyTorch, TensorFlow, Deep Learning, Computer Vision"
168,"Python, NLP, Transformers, PyTorch, TensorFlow, Machine Learning",NLP Engineer,Develops systems for processing and understanding human language.,"Python, NLP, Transformers, PyTorch, TensorFlow, Machine Learning"
169,"Python, LLMs, Transformers, PyTorch, NLP, RAG, Vector Databases",Generative AI Engineer,Builds applications using large language models and generative AI.,"Python, LLMs, Transformers, PyTorch, NLP, RAG, Vector Databases"
170,"Python, Docker, Kubernetes, MLflow, AWS, CI/CD, Machine Learning",MLOps Engineer,Builds infrastructure and workflows for deploying ML models.,"Python, Docker, Kubernetes, MLflow, AWS, CI/CD, Machine Learning"
171,"Python, C++, Statistics, Mathematics, Machine Learning, Finance",Quantitative Analyst,Uses mathematical and statistical models to analyze financial markets.,"Python, C++, Statistics, Mathematics, Machine Learning, Finance"
172,"Excel, Financial Modeling, SQL, Power BI, Accounting, Finance",Financial Analyst,"Analyzes financial data, forecasts, and business performance.","Excel, Financial Modeling, SQL, Power BI, Accounting, Finance"
173,"Product Management, Agile, Scrum, Analytics, Communication, SQL",Product Manager,"Defines product requirements, priorities, and product strategy.","Product Management, Agile, Scrum, Analytics, Communication, SQL"
174,"Project Management, Agile, Scrum, Jira, Communication, Risk Management",Project Manager,"Plans and manages projects, timelines, teams, and resources.","Project Management, Agile, Scrum, Jira, Communication, Risk Management"
175,"Figma, UI Design, UX Research, Prototyping, Wireframing",UI/UX Designer,"Designs user experiences, interfaces, and interactive prototypes.","Figma, UI Design, UX Research, Prototyping, Wireframing"
176,"Manual Testing, Test Cases, SQL, Jira, API Testing, Software Testing",QA Engineer,Tests software to identify defects and verify requirements.,"Manual Testing, Test Cases, SQL, Jira, API Testing, Software Testing"
177,"Selenium, Python, Java, API Testing, Test Automation, Git",QA Automation Engineer,Builds automated tests for software applications.,"Selenium, Python, Java, API Testing, Test Automation, Git"
178,"Android, Kotlin, Java, Firebase, Git",Mobile App Developer,Develops applications for Android mobile devices.,"Android, Kotlin, Java, Firebase, Git"
179,"Swift, SwiftUI, Xcode, iOS, Git",iOS Developer,Develops applications for Apple platforms.,"Swift, SwiftUI, Xcode, iOS, Git"
180,"React, JavaScript, TypeScript, HTML, CSS, Git",React Developer,Builds modern web applications using React.,"React, JavaScript, TypeScript, HTML, CSS, Git"
181,"Node.js, JavaScript, Express, REST API, MongoDB, Git",Node.js Developer,Develops backend applications and APIs with Node.js.,"Node.js, JavaScript, Express, REST API, MongoDB, Git"
182,"Java, Spring Boot, SQL, REST API, Git, Microservices",Java Developer,Develops enterprise and backend applications using Java.,"Java, Spring Boot, SQL, REST API, Git, Microservices"
183,"Python, Django, Flask, FastAPI, SQL, Git",Python Developer,"Builds web applications, APIs, and automation using Python.","Python, Django, Flask, FastAPI, SQL, Git"
184,"C++, STL, Data Structures, Algorithms, Linux, Git",C++ Developer,Develops high-performance applications using C++.,"C++, STL, Data Structures, Algorithms, Linux, Git"
185,"Solidity, Ethereum, Web3, JavaScript, Cryptography, Smart Contracts",Blockchain Developer,Develops blockchain applications and smart contracts.,"Solidity, Ethereum, Web3, JavaScript, Cryptography, Smart Contracts"
186,"C++, C#, Unity, Unreal Engine, 3D Math, Game Development",Game Developer,Develops interactive games and game systems.,"C++, C#, Unity, Unreal Engine, 3D Math, Game Development"
187,"Unity, C#, 3D Graphics, Blender, Computer Vision, AR/VR",AR/VR Developer,Develops augmented and virtual reality experiences.,"Unity, C#, 3D Graphics, Blender, Computer Vision, AR/VR"
188,"AWS, Azure, Cloud Architecture, Networking, Docker, Kubernetes",Solutions Architect,Designs scalable technical architectures and cloud solutions.,"AWS, Azure, Cloud Architecture, Networking, Docker, Kubernetes"
189,"AWS, Azure, IAM, Networking, Linux, Cybersecurity",Cloud Security Engineer,"Secures cloud platforms, identities, workloads, and infrastructure.","AWS, Azure, IAM, Networking, Linux, Cybersecurity"
190,"Python, PyTorch, Mathematics, Deep Learning, Research, Machine Learning",AI Research Scientist,Researches new algorithms and methods in artificial intelligence.,"Python, PyTorch, Mathematics, Deep Learning, Research, Machine Learning"
191,"Python, Statistics, Mathematics, Research, Machine Learning, Data Analysis",Research Scientist,Conducts technical research and develops analytical methods.,"Python, Statistics, Mathematics, Research, Machine Learning, Data Analysis"
192,"Python, Java, C++, Git, Data Structures, Algorithms",Software Engineer,Builds and maintains software applications and services.,"Python, Java, C++, Git, Data Structures, Algorithms"
193,"HTML, CSS, JavaScript, React, TypeScript, Git",Frontend Developer,Builds responsive and interactive user interfaces.,"HTML, CSS, JavaScript, React, TypeScript, Git"
194,"Python, Java, Node.js, SQL, REST API, Git",Backend Developer,"Develops server-side applications, APIs, and backend services.","Python, Java, Node.js, SQL, REST API, Git"
195,"HTML, CSS, JavaScript, React, Node.js, SQL, Git",Full Stack Developer,"Works across frontend, backend, APIs, and databases.","HTML, CSS, JavaScript, React, Node.js, SQL, Git"
196,"Python, SQL, Pandas, NumPy, Scikit-learn, Statistics, Machine Learning",Data Scientist,Analyzes data and builds statistical and machine learning models.,"Python, SQL, Pandas, NumPy, Scikit-learn, Statistics, Machine Learning"
197,"Python, TensorFlow, PyTorch, Scikit-learn, SQL, Machine Learning, MLOps",Machine Learning Engineer,"Develops, trains, deploys, and monitors machine learning systems.","Python, TensorFlow, PyTorch, Scikit-learn, SQL, Machine Learning, MLOps"
198,"Python, PyTorch, TensorFlow, Machine Learning, Deep Learning, NLP",AI Engineer,Builds AI-powered applications and intelligent systems.,"Python, PyTorch, TensorFlow, Machine Learning, Deep Learning, NLP"
199,"Python, SQL, Excel, Power BI, Tableau, Statistics",Data Analyst,Analyzes business data and creates reports and dashboards.,"Python, SQL, Excel, Power BI, Tableau, Statistics"
200,"SQL, Excel, Power BI, Tableau, Requirements Analysis, Communication",Business Analyst,Translates business needs into data-driven requirements and solutions.,"SQL, Excel, Power BI, Tableau, Requirements Analysis, Communication"
201,"Python, SQL, Spark, Hadoop, ETL, AWS, Data Warehousing",Data Engineer,Builds data pipelines and infrastructure for large-scale data processing.,"Python, SQL, Spark, Hadoop, ETL, AWS, Data Warehousing"
202,"SQL, PostgreSQL, MySQL, Oracle, Database Design, Python",Database Developer,"Designs, develops, and optimizes database systems.","SQL, PostgreSQL, MySQL, Oracle, Database Design, Python"
203,"AWS, Azure, GCP, Linux, Docker, Kubernetes, Networking",Cloud Engineer,Designs and maintains cloud infrastructure and services.,"AWS, Azure, GCP, Linux, Docker, Kubernetes, Networking"
204,"Linux, Docker, Kubernetes, Jenkins, Git, AWS, CI/CD",DevOps Engineer,Automates software delivery and manages reliable infrastructure.,"Linux, Docker, Kubernetes, Jenkins, Git, AWS, CI/CD"
205,"Linux, Kubernetes, Docker, Python, Monitoring, AWS, CI/CD",Site Reliability Engineer,"Improves reliability, scalability, and availability of production systems.","Linux, Kubernetes, Docker, Python, Monitoring, AWS, CI/CD"
206,"Networking, Linux, Python, SIEM, Threat Detection, Cybersecurity",Cybersecurity Analyst,Monitors systems and investigates security threats.,"Networking, Linux, Python, SIEM, Threat Detection, Cybersecurity"
207,"Linux, Networking, Python, Cloud Security, Cryptography, Cybersecurity",Security Engineer,Designs and implements security controls for systems and networks.,"Linux, Networking, Python, Cloud Security, Cryptography, Cybersecurity"
208,"TCP/IP, Networking, Cisco, Linux, Routing, Switching",Network Engineer,"Designs, configures, and troubleshoots computer networks.","TCP/IP, Networking, Cisco, Linux, Routing, Switching"
209,"TCP/IP, Firewalls, VPN, Linux, Cisco, Cybersecurity",Network Security Engineer,"Secures networks using firewalls, VPNs, monitoring, and access controls.","TCP/IP, Firewalls, VPN, Linux, Cisco, Cybersecurity"
210,"Linux, Windows Server, Networking, Bash, PowerShell, Cloud",Systems Administrator,"Maintains servers, operating systems, accounts, and IT infrastructure.","Linux, Windows Server, Networking, Bash, PowerShell, Cloud"
211,"C, C++, Linux, Operating Systems, Data Structures, Git",System Software Engineer,Develops low-level system software and operating-system components.,"C, C++, Linux, Operating Systems, Data Structures, Git"
212,"C, C++, Microcontrollers, RTOS, Embedded Linux, Electronics",Embedded Systems Engineer,Develops software for embedded devices and hardware systems.,"C, C++, Microcontrollers, RTOS, Embedded Linux, Electronics"
213,"C, C++, Microcontrollers, Embedded Systems, RTOS, Debugging",Firmware Engineer,Develops and debugs firmware for electronic devices.,"C, C++, Microcontrollers, Embedded Systems, RTOS, Debugging"
214,"Python, C++, ROS, Robotics, Computer Vision, Control Systems",Robotics Engineer,Develops software and control systems for robots.,"Python, C++, ROS, Robotics, Computer Vision, Control Systems"
215,"Python, OpenCV, PyTorch, TensorFlow, Deep Learning, Computer Vision",Computer Vision Engineer,Builds systems that understand images and video.,"Python, OpenCV, PyTorch, TensorFlow, Deep Learning, Computer Vision"
216,"Python, NLP, Transformers, PyTorch, TensorFlow, Machine Learning",NLP Engineer,Develops systems for processing and understanding human language.,"Python, NLP, Transformers, PyTorch, TensorFlow, Machine Learning"
217,"Python, LLMs, Transformers, PyTorch, NLP, RAG, Vector Databases",Generative AI Engineer,Builds applications using large language models and generative AI.,"Python, LLMs, Transformers, PyTorch, NLP, RAG, Vector Databases"
218,"Python, Docker, Kubernetes, MLflow, AWS, CI/CD, Machine Learning",MLOps Engineer,Builds infrastructure and workflows for deploying ML models.,"Python, Docker, Kubernetes, MLflow, AWS, CI/CD, Machine Learning"
219,"Python, C++, Statistics, Mathematics, Machine Learning, Finance",Quantitative Analyst,Uses mathematical and statistical models to analyze financial markets.,"Python, C++, Statistics, Mathematics, Machine Learning, Finance"
220,"Excel, Financial Modeling, SQL, Power BI, Accounting, Finance",Financial Analyst,"Analyzes financial data, forecasts, and business performance.","Excel, Financial Modeling, SQL, Power BI, Accounting, Finance"
221,"Product Management, Agile, Scrum, Analytics, Communication, SQL",Product Manager,"Defines product requirements, priorities, and product strategy.","Product Management, Agile, Scrum, Analytics, Communication, SQL"
222,"Project Management, Agile, Scrum, Jira, Communication, Risk Management",Project Manager,"Plans and manages projects, timelines, teams, and resources.","Project Management, Agile, Scrum, Jira, Communication, Risk Management"
223,"Figma, UI Design, UX Research, Prototyping, Wireframing",UI/UX Designer,"Designs user experiences, interfaces, and interactive prototypes.","Figma, UI Design, UX Research, Prototyping, Wireframing"
224,"Manual Testing, Test Cases, SQL, Jira, API Testing, Software Testing",QA Engineer,Tests software to identify defects and verify requirements.,"Manual Testing, Test Cases, SQL, Jira, API Testing, Software Testing"
225,"Selenium, Python, Java, API Testing, Test Automation, Git",QA Automation Engineer,Builds automated tests for software applications.,"Selenium, Python, Java, API Testing, Test Automation, Git"
226,"Android, Kotlin, Java, Firebase, Git",Mobile App Developer,Develops applications for Android mobile devices.,"Android, Kotlin, Java, Firebase, Git"
227,"Swift, SwiftUI, Xcode, iOS, Git",iOS Developer,Develops applications for Apple platforms.,"Swift, SwiftUI, Xcode, iOS, Git"
228,"React, JavaScript, TypeScript, HTML, CSS, Git",React Developer,Builds modern web applications using React.,"React, JavaScript, TypeScript, HTML, CSS, Git"
229,"Node.js, JavaScript, Express, REST API, MongoDB, Git",Node.js Developer,Develops backend applications and APIs with Node.js.,"Node.js, JavaScript, Express, REST API, MongoDB, Git"
230,"Java, Spring Boot, SQL, REST API, Git, Microservices",Java Developer,Develops enterprise and backend applications using Java.,"Java, Spring Boot, SQL, REST API, Git, Microservices"
231,"Python, Django, Flask, FastAPI, SQL, Git",Python Developer,"Builds web applications, APIs, and automation using Python.","Python, Django, Flask, FastAPI, SQL, Git"
232,"C++, STL, Data Structures, Algorithms, Linux, Git",C++ Developer,Develops high-performance applications using C++.,"C++, STL, Data Structures, Algorithms, Linux, Git"
233,"Solidity, Ethereum, Web3, JavaScript, Cryptography, Smart Contracts",Blockchain Developer,Develops blockchain applications and smart contracts.,"Solidity, Ethereum, Web3, JavaScript, Cryptography, Smart Contracts"
234,"C++, C#, Unity, Unreal Engine, 3D Math, Game Development",Game Developer,Develops interactive games and game systems.,"C++, C#, Unity, Unreal Engine, 3D Math, Game Development"
235,"Unity, C#, 3D Graphics, Blender, Computer Vision, AR/VR",AR/VR Developer,Develops augmented and virtual reality experiences.,"Unity, C#, 3D Graphics, Blender, Computer Vision, AR/VR"
236,"AWS, Azure, Cloud Architecture, Networking, Docker, Kubernetes",Solutions Architect,Designs scalable technical architectures and cloud solutions.,"AWS, Azure, Cloud Architecture, Networking, Docker, Kubernetes"
237,"AWS, Azure, IAM, Networking, Linux, Cybersecurity",Cloud Security Engineer,"Secures cloud platforms, identities, workloads, and infrastructure.","AWS, Azure, IAM, Networking, Linux, Cybersecurity"
238,"Python, PyTorch, Mathematics, Deep Learning, Research, Machine Learning",AI Research Scientist,Researches new algorithms and methods in artificial intelligence.,"Python, PyTorch, Mathematics, Deep Learning, Research, Machine Learning"
239,"Python, Statistics, Mathematics, Research, Machine Learning, Data Analysis",Research Scientist,Conducts technical research and develops analytical methods.,"Python, Statistics, Mathematics, Research, Machine Learning, Data Analysis"
240,"Python, Java, C++, Git, Data Structures, Algorithms",Software Engineer,Builds and maintains software applications and services.,"Python, Java, C++, Git, Data Structures, Algorithms"
241,"HTML, CSS, JavaScript, React, TypeScript, Git",Frontend Developer,Builds responsive and interactive user interfaces.,"HTML, CSS, JavaScript, React, TypeScript, Git"
242,"Python, Java, Node.js, SQL, REST API, Git",Backend Developer,"Develops server-side applications, APIs, and backend services.","Python, Java, Node.js, SQL, REST API, Git"
243,"HTML, CSS, JavaScript, React, Node.js, SQL, Git",Full Stack Developer,"Works across frontend, backend, APIs, and databases.","HTML, CSS, JavaScript, React, Node.js, SQL, Git"
244,"Python, SQL, Pandas, NumPy, Scikit-learn, Statistics, Machine Learning",Data Scientist,Analyzes data and builds statistical and machine learning models.,"Python, SQL, Pandas, NumPy, Scikit-learn, Statistics, Machine Learning"
245,"Python, TensorFlow, PyTorch, Scikit-learn, SQL, Machine Learning, MLOps",Machine Learning Engineer,"Develops, trains, deploys, and monitors machine learning systems.","Python, TensorFlow, PyTorch, Scikit-learn, SQL, Machine Learning, MLOps"
246,"Python, PyTorch, TensorFlow, Machine Learning, Deep Learning, NLP",AI Engineer,Builds AI-powered applications and intelligent systems.,"Python, PyTorch, TensorFlow, Machine Learning, Deep Learning, NLP"
247,"Python, SQL, Excel, Power BI, Tableau, Statistics",Data Analyst,Analyzes business data and creates reports and dashboards.,"Python, SQL, Excel, Power BI, Tableau, Statistics"
248,"SQL, Excel, Power BI, Tableau, Requirements Analysis, Communication",Business Analyst,Translates business needs into data-driven requirements and solutions.,"SQL, Excel, Power BI, Tableau, Requirements Analysis, Communication"
249,"Python, SQL, Spark, Hadoop, ETL, AWS, Data Warehousing",Data Engineer,Builds data pipelines and infrastructure for large-scale data processing.,"Python, SQL, Spark, Hadoop, ETL, AWS, Data Warehousing"
250,"SQL, PostgreSQL, MySQL, Oracle, Database Design, Python",Database Developer,"Designs, develops, and optimizes database systems.","SQL, PostgreSQL, MySQL, Oracle, Database Design, Python"
251,"AWS, Azure, GCP, Linux, Docker, Kubernetes, Networking",Cloud Engineer,Designs and maintains cloud infrastructure and services.,"AWS, Azure, GCP, Linux, Docker, Kubernetes, Networking"
252,"Linux, Docker, Kubernetes, Jenkins, Git, AWS, CI/CD",DevOps Engineer,Automates software delivery and manages reliable infrastructure.,"Linux, Docker, Kubernetes, Jenkins, Git, AWS, CI/CD"
253,"Linux, Kubernetes, Docker, Python, Monitoring, AWS, CI/CD",Site Reliability Engineer,"Improves reliability, scalability, and availability of production systems.","Linux, Kubernetes, Docker, Python, Monitoring, AWS, CI/CD"
254,"Networking, Linux, Python, SIEM, Threat Detection, Cybersecurity",Cybersecurity Analyst,Monitors systems and investigates security threats.,"Networking, Linux, Python, SIEM, Threat Detection, Cybersecurity"
255,"Linux, Networking, Python, Cloud Security, Cryptography, Cybersecurity",Security Engineer,Designs and implements security controls for systems and networks.,"Linux, Networking, Python, Cloud Security, Cryptography, Cybersecurity"
256,"TCP/IP, Networking, Cisco, Linux, Routing, Switching",Network Engineer,"Designs, configures, and troubleshoots computer networks.","TCP/IP, Networking, Cisco, Linux, Routing, Switching"
257,"TCP/IP, Firewalls, VPN, Linux, Cisco, Cybersecurity",Network Security Engineer,"Secures networks using firewalls, VPNs, monitoring, and access controls.","TCP/IP, Firewalls, VPN, Linux, Cisco, Cybersecurity"
258,"Linux, Windows Server, Networking, Bash, PowerShell, Cloud",Systems Administrator,"Maintains servers, operating systems, accounts, and IT infrastructure.","Linux, Windows Server, Networking, Bash, PowerShell, Cloud"
259,"C, C++, Linux, Operating Systems, Data Structures, Git",System Software Engineer,Develops low-level system software and operating-system components.,"C, C++, Linux, Operating Systems, Data Structures, Git"
260,"C, C++, Microcontrollers, RTOS, Embedded Linux, Electronics",Embedded Systems Engineer,Develops software for embedded devices and hardware systems.,"C, C++, Microcontrollers, RTOS, Embedded Linux, Electronics"
261,"C, C++, Microcontrollers, Embedded Systems, RTOS, Debugging",Firmware Engineer,Develops and debugs firmware for electronic devices.,"C, C++, Microcontrollers, Embedded Systems, RTOS, Debugging"
262,"Python, C++, ROS, Robotics, Computer Vision, Control Systems",Robotics Engineer,Develops software and control systems for robots.,"Python, C++, ROS, Robotics, Computer Vision, Control Systems"
263,"Python, OpenCV, PyTorch, TensorFlow, Deep Learning, Computer Vision",Computer Vision Engineer,Builds systems that understand images and video.,"Python, OpenCV, PyTorch, TensorFlow, Deep Learning, Computer Vision"
264,"Python, NLP, Transformers, PyTorch, TensorFlow, Machine Learning",NLP Engineer,Develops systems for processing and understanding human language.,"Python, NLP, Transformers, PyTorch, TensorFlow, Machine Learning"
265,"Python, LLMs, Transformers, PyTorch, NLP, RAG, Vector Databases",Generative AI Engineer,Builds applications using large language models and generative AI.,"Python, LLMs, Transformers, PyTorch, NLP, RAG, Vector Databases"
266,"Python, Docker, Kubernetes, MLflow, AWS, CI/CD, Machine Learning",MLOps Engineer,Builds infrastructure and workflows for deploying ML models.,"Python, Docker, Kubernetes, MLflow, AWS, CI/CD, Machine Learning"
267,"Python, C++, Statistics, Mathematics, Machine Learning, Finance",Quantitative Analyst,Uses mathematical and statistical models to analyze financial markets.,"Python, C++, Statistics, Mathematics, Machine Learning, Finance"
268,"Excel, Financial Modeling, SQL, Power BI, Accounting, Finance",Financial Analyst,"Analyzes financial data, forecasts, and business performance.","Excel, Financial Modeling, SQL, Power BI, Accounting, Finance"
269,"Product Management, Agile, Scrum, Analytics, Communication, SQL",Product Manager,"Defines product requirements, priorities, and product strategy.","Product Management, Agile, Scrum, Analytics, Communication, SQL"
270,"Project Management, Agile, Scrum, Jira, Communication, Risk Management",Project Manager,"Plans and manages projects, timelines, teams, and resources.","Project Management, Agile, Scrum, Jira, Communication, Risk Management"
271,"Figma, UI Design, UX Research, Prototyping, Wireframing",UI/UX Designer,"Designs user experiences, interfaces, and interactive prototypes.","Figma, UI Design, UX Research, Prototyping, Wireframing"
272,"Manual Testing, Test Cases, SQL, Jira, API Testing, Software Testing",QA Engineer,Tests software to identify defects and verify requirements.,"Manual Testing, Test Cases, SQL, Jira, API Testing, Software Testing"
273,"Selenium, Python, Java, API Testing, Test Automation, Git",QA Automation Engineer,Builds automated tests for software applications.,"Selenium, Python, Java, API Testing, Test Automation, Git"
274,"Android, Kotlin, Java, Firebase, Git",Mobile App Developer,Develops applications for Android mobile devices.,"Android, Kotlin, Java, Firebase, Git"
275,"Swift, SwiftUI, Xcode, iOS, Git",iOS Developer,Develops applications for Apple platforms.,"Swift, SwiftUI, Xcode, iOS, Git"
276,"React, JavaScript, TypeScript, HTML, CSS, Git",React Developer,Builds modern web applications using React.,"React, JavaScript, TypeScript, HTML, CSS, Git"
277,"Node.js, JavaScript, Express, REST API, MongoDB, Git",Node.js Developer,Develops backend applications and APIs with Node.js.,"Node.js, JavaScript, Express, REST API, MongoDB, Git"
278,"Java, Spring Boot, SQL, REST API, Git, Microservices",Java Developer,Develops enterprise and backend applications using Java.,"Java, Spring Boot, SQL, REST API, Git, Microservices"
279,"Python, Django, Flask, FastAPI, SQL, Git",Python Developer,"Builds web applications, APIs, and automation using Python.","Python, Django, Flask, FastAPI, SQL, Git"
280,"C++, STL, Data Structures, Algorithms, Linux, Git",C++ Developer,Develops high-performance applications using C++.,"C++, STL, Data Structures, Algorithms, Linux, Git"
281,"Solidity, Ethereum, Web3, JavaScript, Cryptography, Smart Contracts",Blockchain Developer,Develops blockchain applications and smart contracts.,"Solidity, Ethereum, Web3, JavaScript, Cryptography, Smart Contracts"
282,"C++, C#, Unity, Unreal Engine, 3D Math, Game Development",Game Developer,Develops interactive games and game systems.,"C++, C#, Unity, Unreal Engine, 3D Math, Game Development"
283,"Unity, C#, 3D Graphics, Blender, Computer Vision, AR/VR",AR/VR Developer,Develops augmented and virtual reality experiences.,"Unity, C#, 3D Graphics, Blender, Computer Vision, AR/VR"
284,"AWS, Azure, Cloud Architecture, Networking, Docker, Kubernetes",Solutions Architect,Designs scalable technical architectures and cloud solutions.,"AWS, Azure, Cloud Architecture, Networking, Docker, Kubernetes"
285,"AWS, Azure, IAM, Networking, Linux, Cybersecurity",Cloud Security Engineer,"Secures cloud platforms, identities, workloads, and infrastructure.","AWS, Azure, IAM, Networking, Linux, Cybersecurity"
286,"Python, PyTorch, Mathematics, Deep Learning, Research, Machine Learning",AI Research Scientist,Researches new algorithms and methods in artificial intelligence.,"Python, PyTorch, Mathematics, Deep Learning, Research, Machine Learning"
287,"Python, Statistics, Mathematics, Research, Machine Learning, Data Analysis",Research Scientist,Conducts technical research and develops analytical methods.,"Python, Statistics, Mathematics, Research, Machine Learning, Data Analysis"
288,"Python, Java, C++, Git, Data Structures, Algorithms",Software Engineer,Builds and maintains software applications and services.,"Python, Java, C++, Git, Data Structures, Algorithms"
289,"HTML, CSS, JavaScript, React, TypeScript, Git",Frontend Developer,Builds responsive and interactive user interfaces.,"HTML, CSS, JavaScript, React, TypeScript, Git"
290,"Python, Java, Node.js, SQL, REST API, Git",Backend Developer,"Develops server-side applications, APIs, and backend services.","Python, Java, Node.js, SQL, REST API, Git"
291,"HTML, CSS, JavaScript, React, Node.js, SQL, Git",Full Stack Developer,"Works across frontend, backend, APIs, and databases.","HTML, CSS, JavaScript, React, Node.js, SQL, Git"
292,"Python, SQL, Pandas, NumPy, Scikit-learn, Statistics, Machine Learning",Data Scientist,Analyzes data and builds statistical and machine learning models.,"Python, SQL, Pandas, NumPy, Scikit-learn, Statistics, Machine Learning"
293,"Python, TensorFlow, PyTorch, Scikit-learn, SQL, Machine Learning, MLOps",Machine Learning Engineer,"Develops, trains, deploys, and monitors machine learning systems.","Python, TensorFlow, PyTorch, Scikit-learn, SQL, Machine Learning, MLOps"
294,"Python, PyTorch, TensorFlow, Machine Learning, Deep Learning, NLP",AI Engineer,Builds AI-powered applications and intelligent systems.,"Python, PyTorch, TensorFlow, Machine Learning, Deep Learning, NLP"
295,"Python, SQL, Excel, Power BI, Tableau, Statistics",Data Analyst,Analyzes business data and creates reports and dashboards.,"Python, SQL, Excel, Power BI, Tableau, Statistics"
296,"SQL, Excel, Power BI, Tableau, Requirements Analysis, Communication",Business Analyst,Translates business needs into data-driven requirements and solutions.,"SQL, Excel, Power BI, Tableau, Requirements Analysis, Communication"
297,"Python, SQL, Spark, Hadoop, ETL, AWS, Data Warehousing",Data Engineer,Builds data pipelines and infrastructure for large-scale data processing.,"Python, SQL, Spark, Hadoop, ETL, AWS, Data Warehousing"
298,"SQL, PostgreSQL, MySQL, Oracle, Database Design, Python",Database Developer,"Designs, develops, and optimizes database systems.","SQL, PostgreSQL, MySQL, Oracle, Database Design, Python"
299,"AWS, Azure, GCP, Linux, Docker, Kubernetes, Networking",Cloud Engineer,Designs and maintains cloud infrastructure and services.,"AWS, Azure, GCP, Linux, Docker, Kubernetes, Networking"
300,"Linux, Docker, Kubernetes, Jenkins, Git, AWS, CI/CD",DevOps Engineer,Automates software delivery and manages reliable infrastructure.,"Linux, Docker, Kubernetes, Jenkins, Git, AWS, CI/CD"
301,"Linux, Kubernetes, Docker, Python, Monitoring, AWS, CI/CD",Site Reliability Engineer,"Improves reliability, scalability, and availability of production systems.","Linux, Kubernetes, Docker, Python, Monitoring, AWS, CI/CD"
302,"Networking, Linux, Python, SIEM, Threat Detection, Cybersecurity",Cybersecurity Analyst,Monitors systems and investigates security threats.,"Networking, Linux, Python, SIEM, Threat Detection, Cybersecurity"
303,"Linux, Networking, Python, Cloud Security, Cryptography, Cybersecurity",Security Engineer,Designs and implements security controls for systems and networks.,"Linux, Networking, Python, Cloud Security, Cryptography, Cybersecurity"
304,"TCP/IP, Networking, Cisco, Linux, Routing, Switching",Network Engineer,"Designs, configures, and troubleshoots computer networks.","TCP/IP, Networking, Cisco, Linux, Routing, Switching"
305,"TCP/IP, Firewalls, VPN, Linux, Cisco, Cybersecurity",Network Security Engineer,"Secures networks using firewalls, VPNs, monitoring, and access controls.","TCP/IP, Firewalls, VPN, Linux, Cisco, Cybersecurity"
306,"Linux, Windows Server, Networking, Bash, PowerShell, Cloud",Systems Administrator,"Maintains servers, operating systems, accounts, and IT infrastructure.","Linux, Windows Server, Networking, Bash, PowerShell, Cloud"
307,"C, C++, Linux, Operating Systems, Data Structures, Git",System Software Engineer,Develops low-level system software and operating-system components.,"C, C++, Linux, Operating Systems, Data Structures, Git"
308,"C, C++, Microcontrollers, RTOS, Embedded Linux, Electronics",Embedded Systems Engineer,Develops software for embedded devices and hardware systems.,"C, C++, Microcontrollers, RTOS, Embedded Linux, Electronics"
309,"C, C++, Microcontrollers, Embedded Systems, RTOS, Debugging",Firmware Engineer,Develops and debugs firmware for electronic devices.,"C, C++, Microcontrollers, Embedded Systems, RTOS, Debugging"
310,"Python, C++, ROS, Robotics, Computer Vision, Control Systems",Robotics Engineer,Develops software and control systems for robots.,"Python, C++, ROS, Robotics, Computer Vision, Control Systems"
311,"Python, OpenCV, PyTorch, TensorFlow, Deep Learning, Computer Vision",Computer Vision Engineer,Builds systems that understand images and video.,"Python, OpenCV, PyTorch, TensorFlow, Deep Learning, Computer Vision"
312,"Python, NLP, Transformers, PyTorch, TensorFlow, Machine Learning",NLP Engineer,Develops systems for processing and understanding human language.,"Python, NLP, Transformers, PyTorch, TensorFlow, Machine Learning"
313,"Python, LLMs, Transformers, PyTorch, NLP, RAG, Vector Databases",Generative AI Engineer,Builds applications using large language models and generative AI.,"Python, LLMs, Transformers, PyTorch, NLP, RAG, Vector Databases"
314,"Python, Docker, Kubernetes, MLflow, AWS, CI/CD, Machine Learning",MLOps Engineer,Builds infrastructure and workflows for deploying ML models.,"Python, Docker, Kubernetes, MLflow, AWS, CI/CD, Machine Learning"
315,"Python, C++, Statistics, Mathematics, Machine Learning, Finance",Quantitative Analyst,Uses mathematical and statistical models to analyze financial markets.,"Python, C++, Statistics, Mathematics, Machine Learning, Finance"
316,"Excel, Financial Modeling, SQL, Power BI, Accounting, Finance",Financial Analyst,"Analyzes financial data, forecasts, and business performance.","Excel, Financial Modeling, SQL, Power BI, Accounting, Finance"
317,"Product Management, Agile, Scrum, Analytics, Communication, SQL",Product Manager,"Defines product requirements, priorities, and product strategy.","Product Management, Agile, Scrum, Analytics, Communication, SQL"
318,"Project Management, Agile, Scrum, Jira, Communication, Risk Management",Project Manager,"Plans and manages projects, timelines, teams, and resources.","Project Management, Agile, Scrum, Jira, Communication, Risk Management"
319,"Figma, UI Design, UX Research, Prototyping, Wireframing",UI/UX Designer,"Designs user experiences, interfaces, and interactive prototypes.","Figma, UI Design, UX Research, Prototyping, Wireframing"
320,"Manual Testing, Test Cases, SQL, Jira, API Testing, Software Testing",QA Engineer,Tests software to identify defects and verify requirements.,"Manual Testing, Test Cases, SQL, Jira, API Testing, Software Testing"
321,"Selenium, Python, Java, API Testing, Test Automation, Git",QA Automation Engineer,Builds automated tests for software applications.,"Selenium, Python, Java, API Testing, Test Automation, Git"
322,"Android, Kotlin, Java, Firebase, Git",Mobile App Developer,Develops applications for Android mobile devices.,"Android, Kotlin, Java, Firebase, Git"
323,"Swift, SwiftUI, Xcode, iOS, Git",iOS Developer,Develops applications for Apple platforms.,"Swift, SwiftUI, Xcode, iOS, Git"
324,"React, JavaScript, TypeScript, HTML, CSS, Git",React Developer,Builds modern web applications using React.,"React, JavaScript, TypeScript, HTML, CSS, Git"
325,"Node.js, JavaScript, Express, REST API, MongoDB, Git",Node.js Developer,Develops backend applications and APIs with Node.js.,"Node.js, JavaScript, Express, REST API, MongoDB, Git"
326,"Java, Spring Boot, SQL, REST API, Git, Microservices",Java Developer,Develops enterprise and backend applications using Java.,"Java, Spring Boot, SQL, REST API, Git, Microservices"
327,"Python, Django, Flask, FastAPI, SQL, Git",Python Developer,"Builds web applications, APIs, and automation using Python.","Python, Django, Flask, FastAPI, SQL, Git"
328,"C++, STL, Data Structures, Algorithms, Linux, Git",C++ Developer,Develops high-performance applications using C++.,"C++, STL, Data Structures, Algorithms, Linux, Git"
329,"Solidity, Ethereum, Web3, JavaScript, Cryptography, Smart Contracts",Blockchain Developer,Develops blockchain applications and smart contracts.,"Solidity, Ethereum, Web3, JavaScript, Cryptography, Smart Contracts"
330,"C++, C#, Unity, Unreal Engine, 3D Math, Game Development",Game Developer,Develops interactive games and game systems.,"C++, C#, Unity, Unreal Engine, 3D Math, Game Development"
331,"Unity, C#, 3D Graphics, Blender, Computer Vision, AR/VR",AR/VR Developer,Develops augmented and virtual reality experiences.,"Unity, C#, 3D Graphics, Blender, Computer Vision, AR/VR"
332,"AWS, Azure, Cloud Architecture, Networking, Docker, Kubernetes",Solutions Architect,Designs scalable technical architectures and cloud solutions.,"AWS, Azure, Cloud Architecture, Networking, Docker, Kubernetes"
333,"AWS, Azure, IAM, Networking, Linux, Cybersecurity",Cloud Security Engineer,"Secures cloud platforms, identities, workloads, and infrastructure.","AWS, Azure, IAM, Networking, Linux, Cybersecurity"
334,"Python, PyTorch, Mathematics, Deep Learning, Research, Machine Learning",AI Research Scientist,Researches new algorithms and methods in artificial intelligence.,"Python, PyTorch, Mathematics, Deep Learning, Research, Machine Learning"
335,"Python, Statistics, Mathematics, Research, Machine Learning, Data Analysis",Research Scientist,Conducts technical research and develops analytical methods.,"Python, Statistics, Mathematics, Research, Machine Learning, Data Analysis"
336,"Python, Java, C++, Git, Data Structures, Algorithms",Software Engineer,Builds and maintains software applications and services.,"Python, Java, C++, Git, Data Structures, Algorithms"
337,"HTML, CSS, JavaScript, React, TypeScript, Git",Frontend Developer,Builds responsive and interactive user interfaces.,"HTML, CSS, JavaScript, React, TypeScript, Git"
338,"Python, Java, Node.js, SQL, REST API, Git",Backend Developer,"Develops server-side applications, APIs, and backend services.","Python, Java, Node.js, SQL, REST API, Git"
339,"HTML, CSS, JavaScript, React, Node.js, SQL, Git",Full Stack Developer,"Works across frontend, backend, APIs, and databases.","HTML, CSS, JavaScript, React, Node.js, SQL, Git"
340,"Python, SQL, Pandas, NumPy, Scikit-learn, Statistics, Machine Learning",Data Scientist,Analyzes data and builds statistical and machine learning models.,"Python, SQL, Pandas, NumPy, Scikit-learn, Statistics, Machine Learning"
341,"Python, TensorFlow, PyTorch, Scikit-learn, SQL, Machine Learning, MLOps",Machine Learning Engineer,"Develops, trains, deploys, and monitors machine learning systems.","Python, TensorFlow, PyTorch, Scikit-learn, SQL, Machine Learning, MLOps"
342,"Python, PyTorch, TensorFlow, Machine Learning, Deep Learning, NLP",AI Engineer,Builds AI-powered applications and intelligent systems.,"Python, PyTorch, TensorFlow, Machine Learning, Deep Learning, NLP"
343,"Python, SQL, Excel, Power BI, Tableau, Statistics",Data Analyst,Analyzes business data and creates reports and dashboards.,"Python, SQL, Excel, Power BI, Tableau, Statistics"
344,"SQL, Excel, Power BI, Tableau, Requirements Analysis, Communication",Business Analyst,Translates business needs into data-driven requirements and solutions.,"SQL, Excel, Power BI, Tableau, Requirements Analysis, Communication"
345,"Python, SQL, Spark, Hadoop, ETL, AWS, Data Warehousing",Data Engineer,Builds data pipelines and infrastructure for large-scale data processing.,"Python, SQL, Spark, Hadoop, ETL, AWS, Data Warehousing"
346,"SQL, PostgreSQL, MySQL, Oracle, Database Design, Python",Database Developer,"Designs, develops, and optimizes database systems.","SQL, PostgreSQL, MySQL, Oracle, Database Design, Python"
347,"AWS, Azure, GCP, Linux, Docker, Kubernetes, Networking",Cloud Engineer,Designs and maintains cloud infrastructure and services.,"AWS, Azure, GCP, Linux, Docker, Kubernetes, Networking"
348,"Linux, Docker, Kubernetes, Jenkins, Git, AWS, CI/CD",DevOps Engineer,Automates software delivery and manages reliable infrastructure.,"Linux, Docker, Kubernetes, Jenkins, Git, AWS, CI/CD"
349,"Linux, Kubernetes, Docker, Python, Monitoring, AWS, CI/CD",Site Reliability Engineer,"Improves reliability, scalability, and availability of production systems.","Linux, Kubernetes, Docker, Python, Monitoring, AWS, CI/CD"
350,"Networking, Linux, Python, SIEM, Threat Detection, Cybersecurity",Cybersecurity Analyst,Monitors systems and investigates security threats.,"Networking, Linux, Python, SIEM, Threat Detection, Cybersecurity"
351,"Linux, Networking, Python, Cloud Security, Cryptography, Cybersecurity",Security Engineer,Designs and implements security controls for systems and networks.,"Linux, Networking, Python, Cloud Security, Cryptography, Cybersecurity"
352,"TCP/IP, Networking, Cisco, Linux, Routing, Switching",Network Engineer,"Designs, configures, and troubleshoots computer networks.","TCP/IP, Networking, Cisco, Linux, Routing, Switching"
353,"TCP/IP, Firewalls, VPN, Linux, Cisco, Cybersecurity",Network Security Engineer,"Secures networks using firewalls, VPNs, monitoring, and access controls.","TCP/IP, Firewalls, VPN, Linux, Cisco, Cybersecurity"
354,"Linux, Windows Server, Networking, Bash, PowerShell, Cloud",Systems Administrator,"Maintains servers, operating systems, accounts, and IT infrastructure.","Linux, Windows Server, Networking, Bash, PowerShell, Cloud"
355,"C, C++, Linux, Operating Systems, Data Structures, Git",System Software Engineer,Develops low-level system software and operating-system components.,"C, C++, Linux, Operating Systems, Data Structures, Git"
356,"C, C++, Microcontrollers, RTOS, Embedded Linux, Electronics",Embedded Systems Engineer,Develops software for embedded devices and hardware systems.,"C, C++, Microcontrollers, RTOS, Embedded Linux, Electronics"
357,"C, C++, Microcontrollers, Embedded Systems, RTOS, Debugging",Firmware Engineer,Develops and debugs firmware for electronic devices.,"C, C++, Microcontrollers, Embedded Systems, RTOS, Debugging"
358,"Python, C++, ROS, Robotics, Computer Vision, Control Systems",Robotics Engineer,Develops software and control systems for robots.,"Python, C++, ROS, Robotics, Computer Vision, Control Systems"
359,"Python, OpenCV, PyTorch, TensorFlow, Deep Learning, Computer Vision",Computer Vision Engineer,Builds systems that understand images and video.,"Python, OpenCV, PyTorch, TensorFlow, Deep Learning, Computer Vision"
360,"Python, NLP, Transformers, PyTorch, TensorFlow, Machine Learning",NLP Engineer,Develops systems for processing and understanding human language.,"Python, NLP, Transformers, PyTorch, TensorFlow, Machine Learning"
361,"Python, LLMs, Transformers, PyTorch, NLP, RAG, Vector Databases",Generative AI Engineer,Builds applications using large language models and generative AI.,"Python, LLMs, Transformers, PyTorch, NLP, RAG, Vector Databases"
362,"Python, Docker, Kubernetes, MLflow, AWS, CI/CD, Machine Learning",MLOps Engineer,Builds infrastructure and workflows for deploying ML models.,"Python, Docker, Kubernetes, MLflow, AWS, CI/CD, Machine Learning"
363,"Python, C++, Statistics, Mathematics, Machine Learning, Finance",Quantitative Analyst,Uses mathematical and statistical models to analyze financial markets.,"Python, C++, Statistics, Mathematics, Machine Learning, Finance"
364,"Excel, Financial Modeling, SQL, Power BI, Accounting, Finance",Financial Analyst,"Analyzes financial data, forecasts, and business performance.","Excel, Financial Modeling, SQL, Power BI, Accounting, Finance"
365,"Product Management, Agile, Scrum, Analytics, Communication, SQL",Product Manager,"Defines product requirements, priorities, and product strategy.","Product Management, Agile, Scrum, Analytics, Communication, SQL"
366,"Project Management, Agile, Scrum, Jira, Communication, Risk Management",Project Manager,"Plans and manages projects, timelines, teams, and resources.","Project Management, Agile, Scrum, Jira, Communication, Risk Management"
367,"Figma, UI Design, UX Research, Prototyping, Wireframing",UI/UX Designer,"Designs user experiences, interfaces, and interactive prototypes.","Figma, UI Design, UX Research, Prototyping, Wireframing"
368,"Manual Testing, Test Cases, SQL, Jira, API Testing, Software Testing",QA Engineer,Tests software to identify defects and verify requirements.,"Manual Testing, Test Cases, SQL, Jira, API Testing, Software Testing"
369,"Selenium, Python, Java, API Testing, Test Automation, Git",QA Automation Engineer,Builds automated tests for software applications.,"Selenium, Python, Java, API Testing, Test Automation, Git"
370,"Android, Kotlin, Java, Firebase, Git",Mobile App Developer,Develops applications for Android mobile devices.,"Android, Kotlin, Java, Firebase, Git"
371,"Swift, SwiftUI, Xcode, iOS, Git",iOS Developer,Develops applications for Apple platforms.,"Swift, SwiftUI, Xcode, iOS, Git"
372,"React, JavaScript, TypeScript, HTML, CSS, Git",React Developer,Builds modern web applications using React.,"React, JavaScript, TypeScript, HTML, CSS, Git"
373,"Node.js, JavaScript, Express, REST API, MongoDB, Git",Node.js Developer,Develops backend applications and APIs with Node.js.,"Node.js, JavaScript, Express, REST API, MongoDB, Git"
374,"Java, Spring Boot, SQL, REST API, Git, Microservices",Java Developer,Develops enterprise and backend applications using Java.,"Java, Spring Boot, SQL, REST API, Git, Microservices"
375,"Python, Django, Flask, FastAPI, SQL, Git",Python Developer,"Builds web applications, APIs, and automation using Python.","Python, Django, Flask, FastAPI, SQL, Git"
376,"C++, STL, Data Structures, Algorithms, Linux, Git",C++ Developer,Develops high-performance applications using C++.,"C++, STL, Data Structures, Algorithms, Linux, Git"
377,"Solidity, Ethereum, Web3, JavaScript, Cryptography, Smart Contracts",Blockchain Developer,Develops blockchain applications and smart contracts.,"Solidity, Ethereum, Web3, JavaScript, Cryptography, Smart Contracts"
378,"C++, C#, Unity, Unreal Engine, 3D Math, Game Development",Game Developer,Develops interactive games and game systems.,"C++, C#, Unity, Unreal Engine, 3D Math, Game Development"
379,"Unity, C#, 3D Graphics, Blender, Computer Vision, AR/VR",AR/VR Developer,Develops augmented and virtual reality experiences.,"Unity, C#, 3D Graphics, Blender, Computer Vision, AR/VR"
380,"AWS, Azure, Cloud Architecture, Networking, Docker, Kubernetes",Solutions Architect,Designs scalable technical architectures and cloud solutions.,"AWS, Azure, Cloud Architecture, Networking, Docker, Kubernetes"
381,"AWS, Azure, IAM, Networking, Linux, Cybersecurity",Cloud Security Engineer,"Secures cloud platforms, identities, workloads, and infrastructure.","AWS, Azure, IAM, Networking, Linux, Cybersecurity"
382,"Python, PyTorch, Mathematics, Deep Learning, Research, Machine Learning",AI Research Scientist,Researches new algorithms and methods in artificial intelligence.,"Python, PyTorch, Mathematics, Deep Learning, Research, Machine Learning"
383,"Python, Statistics, Mathematics, Research, Machine Learning, Data Analysis",Research Scientist,Conducts technical research and develops analytical methods.,"Python, Statistics, Mathematics, Research, Machine Learning, Data Analysis"
384,"Python, Java, C++, Git, Data Structures, Algorithms",Software Engineer,Builds and maintains software applications and services.,"Python, Java, C++, Git, Data Structures, Algorithms"
385,"HTML, CSS, JavaScript, React, TypeScript, Git",Frontend Developer,Builds responsive and interactive user interfaces.,"HTML, CSS, JavaScript, React, TypeScript, Git"
386,"Python, Java, Node.js, SQL, REST API, Git",Backend Developer,"Develops server-side applications, APIs, and backend services.","Python, Java, Node.js, SQL, REST API, Git"
387,"HTML, CSS, JavaScript, React, Node.js, SQL, Git",Full Stack Developer,"Works across frontend, backend, APIs, and databases.","HTML, CSS, JavaScript, React, Node.js, SQL, Git"
388,"Python, SQL, Pandas, NumPy, Scikit-learn, Statistics, Machine Learning",Data Scientist,Analyzes data and builds statistical and machine learning models.,"Python, SQL, Pandas, NumPy, Scikit-learn, Statistics, Machine Learning"
389,"Python, TensorFlow, PyTorch, Scikit-learn, SQL, Machine Learning, MLOps",Machine Learning Engineer,"Develops, trains, deploys, and monitors machine learning systems.","Python, TensorFlow, PyTorch, Scikit-learn, SQL, Machine Learning, MLOps"
390,"Python, PyTorch, TensorFlow, Machine Learning, Deep Learning, NLP",AI Engineer,Builds AI-powered applications and intelligent systems.,"Python, PyTorch, TensorFlow, Machine Learning, Deep Learning, NLP"
391,"Python, SQL, Excel, Power BI, Tableau, Statistics",Data Analyst,Analyzes business data and creates reports and dashboards.,"Python, SQL, Excel, Power BI, Tableau, Statistics"
392,"SQL, Excel, Power BI, Tableau, Requirements Analysis, Communication",Business Analyst,Translates business needs into data-driven requirements and solutions.,"SQL, Excel, Power BI, Tableau, Requirements Analysis, Communication"
393,"Python, SQL, Spark, Hadoop, ETL, AWS, Data Warehousing",Data Engineer,Builds data pipelines and infrastructure for large-scale data processing.,"Python, SQL, Spark, Hadoop, ETL, AWS, Data Warehousing"
394,"SQL, PostgreSQL, MySQL, Oracle, Database Design, Python",Database Developer,"Designs, develops, and optimizes database systems.","SQL, PostgreSQL, MySQL, Oracle, Database Design, Python"
395,"AWS, Azure, GCP, Linux, Docker, Kubernetes, Networking",Cloud Engineer,Designs and maintains cloud infrastructure and services.,"AWS, Azure, GCP, Linux, Docker, Kubernetes, Networking"
396,"Linux, Docker, Kubernetes, Jenkins, Git, AWS, CI/CD",DevOps Engineer,Automates software delivery and manages reliable infrastructure.,"Linux, Docker, Kubernetes, Jenkins, Git, AWS, CI/CD"
397,"Linux, Kubernetes, Docker, Python, Monitoring, AWS, CI/CD",Site Reliability Engineer,"Improves reliability, scalability, and availability of production systems.","Linux, Kubernetes, Docker, Python, Monitoring, AWS, CI/CD"
398,"Networking, Linux, Python, SIEM, Threat Detection, Cybersecurity",Cybersecurity Analyst,Monitors systems and investigates security threats.,"Networking, Linux, Python, SIEM, Threat Detection, Cybersecurity"
399,"Linux, Networking, Python, Cloud Security, Cryptography, Cybersecurity",Security Engineer,Designs and implements security controls for systems and networks.,"Linux, Networking, Python, Cloud Security, Cryptography, Cybersecurity"
400,"TCP/IP, Networking, Cisco, Linux, Routing, Switching",Network Engineer,"Designs, configures, and troubleshoots computer networks.","TCP/IP, Networking, Cisco, Linux, Routing, Switching"
401,"TCP/IP, Firewalls, VPN, Linux, Cisco, Cybersecurity",Network Security Engineer,"Secures networks using firewalls, VPNs, monitoring, and access controls.","TCP/IP, Firewalls, VPN, Linux, Cisco, Cybersecurity"
402,"Linux, Windows Server, Networking, Bash, PowerShell, Cloud",Systems Administrator,"Maintains servers, operating systems, accounts, and IT infrastructure.","Linux, Windows Server, Networking, Bash, PowerShell, Cloud"
403,"C, C++, Linux, Operating Systems, Data Structures, Git",System Software Engineer,Develops low-level system software and operating-system components.,"C, C++, Linux, Operating Systems, Data Structures, Git"
404,"C, C++, Microcontrollers, RTOS, Embedded Linux, Electronics",Embedded Systems Engineer,Develops software for embedded devices and hardware systems.,"C, C++, Microcontrollers, RTOS, Embedded Linux, Electronics"
405,"C, C++, Microcontrollers, Embedded Systems, RTOS, Debugging",Firmware Engineer,Develops and debugs firmware for electronic devices.,"C, C++, Microcontrollers, Embedded Systems, RTOS, Debugging"
406,"Python, C++, ROS, Robotics, Computer Vision, Control Systems",Robotics Engineer,Develops software and control systems for robots.,"Python, C++, ROS, Robotics, Computer Vision, Control Systems"
407,"Python, OpenCV, PyTorch, TensorFlow, Deep Learning, Computer Vision",Computer Vision Engineer,Builds systems that understand images and video.,"Python, OpenCV, PyTorch, TensorFlow, Deep Learning, Computer Vision"
408,"Python, NLP, Transformers, PyTorch, TensorFlow, Machine Learning",NLP Engineer,Develops systems for processing and understanding human language.,"Python, NLP, Transformers, PyTorch, TensorFlow, Machine Learning"
409,"Python, LLMs, Transformers, PyTorch, NLP, RAG, Vector Databases",Generative AI Engineer,Builds applications using large language models and generative AI.,"Python, LLMs, Transformers, PyTorch, NLP, RAG, Vector Databases"
410,"Python, Docker, Kubernetes, MLflow, AWS, CI/CD, Machine Learning",MLOps Engineer,Builds infrastructure and workflows for deploying ML models.,"Python, Docker, Kubernetes, MLflow, AWS, CI/CD, Machine Learning"
411,"Python, C++, Statistics, Mathematics, Machine Learning, Finance",Quantitative Analyst,Uses mathematical and statistical models to analyze financial markets.,"Python, C++, Statistics, Mathematics, Machine Learning, Finance"
412,"Excel, Financial Modeling, SQL, Power BI, Accounting, Finance",Financial Analyst,"Analyzes financial data, forecasts, and business performance.","Excel, Financial Modeling, SQL, Power BI, Accounting, Finance"
413,"Product Management, Agile, Scrum, Analytics, Communication, SQL",Product Manager,"Defines product requirements, priorities, and product strategy.","Product Management, Agile, Scrum, Analytics, Communication, SQL"
414,"Project Management, Agile, Scrum, Jira, Communication, Risk Management",Project Manager,"Plans and manages projects, timelines, teams, and resources.","Project Management, Agile, Scrum, Jira, Communication, Risk Management"
415,"Figma, UI Design, UX Research, Prototyping, Wireframing",UI/UX Designer,"Designs user experiences, interfaces, and interactive prototypes.","Figma, UI Design, UX Research, Prototyping, Wireframing"
416,"Manual Testing, Test Cases, SQL, Jira, API Testing, Software Testing",QA Engineer,Tests software to identify defects and verify requirements.,"Manual Testing, Test Cases, SQL, Jira, API Testing, Software Testing"
417,"Selenium, Python, Java, API Testing, Test Automation, Git",QA Automation Engineer,Builds automated tests for software applications.,"Selenium, Python, Java, API Testing, Test Automation, Git"
418,"Android, Kotlin, Java, Firebase, Git",Mobile App Developer,Develops applications for Android mobile devices.,"Android, Kotlin, Java, Firebase, Git"
419,"Swift, SwiftUI, Xcode, iOS, Git",iOS Developer,Develops applications for Apple platforms.,"Swift, SwiftUI, Xcode, iOS, Git"
420,"React, JavaScript, TypeScript, HTML, CSS, Git",React Developer,Builds modern web applications using React.,"React, JavaScript, TypeScript, HTML, CSS, Git"
421,"Node.js, JavaScript, Express, REST API, MongoDB, Git",Node.js Developer,Develops backend applications and APIs with Node.js.,"Node.js, JavaScript, Express, REST API, MongoDB, Git"
422,"Java, Spring Boot, SQL, REST API, Git, Microservices",Java Developer,Develops enterprise and backend applications using Java.,"Java, Spring Boot, SQL, REST API, Git, Microservices"
423,"Python, Django, Flask, FastAPI, SQL, Git",Python Developer,"Builds web applications, APIs, and automation using Python.","Python, Django, Flask, FastAPI, SQL, Git"
424,"C++, STL, Data Structures, Algorithms, Linux, Git",C++ Developer,Develops high-performance applications using C++.,"C++, STL, Data Structures, Algorithms, Linux, Git"
425,"Solidity, Ethereum, Web3, JavaScript, Cryptography, Smart Contracts",Blockchain Developer,Develops blockchain applications and smart contracts.,"Solidity, Ethereum, Web3, JavaScript, Cryptography, Smart Contracts"
426,"C++, C#, Unity, Unreal Engine, 3D Math, Game Development",Game Developer,Develops interactive games and game systems.,"C++, C#, Unity, Unreal Engine, 3D Math, Game Development"
427,"Unity, C#, 3D Graphics, Blender, Computer Vision, AR/VR",AR/VR Developer,Develops augmented and virtual reality experiences.,"Unity, C#, 3D Graphics, Blender, Computer Vision, AR/VR"
428,"AWS, Azure, Cloud Architecture, Networking, Docker, Kubernetes",Solutions Architect,Designs scalable technical architectures and cloud solutions.,"AWS, Azure, Cloud Architecture, Networking, Docker, Kubernetes"
429,"AWS, Azure, IAM, Networking, Linux, Cybersecurity",Cloud Security Engineer,"Secures cloud platforms, identities, workloads, and infrastructure.","AWS, Azure, IAM, Networking, Linux, Cybersecurity"
430,"Python, PyTorch, Mathematics, Deep Learning, Research, Machine Learning",AI Research Scientist,Researches new algorithms and methods in artificial intelligence.,"Python, PyTorch, Mathematics, Deep Learning, Research, Machine Learning"
431,"Python, Statistics, Mathematics, Research, Machine Learning, Data Analysis",Research Scientist,Conducts technical research and develops analytical methods.,"Python, Statistics, Mathematics, Research, Machine Learning, Data Analysis"
432,"Python, Java, C++, Git, Data Structures, Algorithms",Software Engineer,Builds and maintains software applications and services.,"Python, Java, C++, Git, Data Structures, Algorithms"
433,"HTML, CSS, JavaScript, React, TypeScript, Git",Frontend Developer,Builds responsive and interactive user interfaces.,"HTML, CSS, JavaScript, React, TypeScript, Git"
434,"Python, Java, Node.js, SQL, REST API, Git",Backend Developer,"Develops server-side applications, APIs, and backend services.","Python, Java, Node.js, SQL, REST API, Git"
435,"HTML, CSS, JavaScript, React, Node.js, SQL, Git",Full Stack Developer,"Works across frontend, backend, APIs, and databases.","HTML, CSS, JavaScript, React, Node.js, SQL, Git"
436,"Python, SQL, Pandas, NumPy, Scikit-learn, Statistics, Machine Learning",Data Scientist,Analyzes data and builds statistical and machine learning models.,"Python, SQL, Pandas, NumPy, Scikit-learn, Statistics, Machine Learning"
437,"Python, TensorFlow, PyTorch, Scikit-learn, SQL, Machine Learning, MLOps",Machine Learning Engineer,"Develops, trains, deploys, and monitors machine learning systems.","Python, TensorFlow, PyTorch, Scikit-learn, SQL, Machine Learning, MLOps"
438,"Python, PyTorch, TensorFlow, Machine Learning, Deep Learning, NLP",AI Engineer,Builds AI-powered applications and intelligent systems.,"Python, PyTorch, TensorFlow, Machine Learning, Deep Learning, NLP"
439,"Python, SQL, Excel, Power BI, Tableau, Statistics",Data Analyst,Analyzes business data and creates reports and dashboards.,"Python, SQL, Excel, Power BI, Tableau, Statistics"
440,"SQL, Excel, Power BI, Tableau, Requirements Analysis, Communication",Business Analyst,Translates business needs into data-driven requirements and solutions.,"SQL, Excel, Power BI, Tableau, Requirements Analysis, Communication"
441,"Python, SQL, Spark, Hadoop, ETL, AWS, Data Warehousing",Data Engineer,Builds data pipelines and infrastructure for large-scale data processing.,"Python, SQL, Spark, Hadoop, ETL, AWS, Data Warehousing"
442,"SQL, PostgreSQL, MySQL, Oracle, Database Design, Python",Database Developer,"Designs, develops, and optimizes database systems.","SQL, PostgreSQL, MySQL, Oracle, Database Design, Python"
443,"AWS, Azure, GCP, Linux, Docker, Kubernetes, Networking",Cloud Engineer,Designs and maintains cloud infrastructure and services.,"AWS, Azure, GCP, Linux, Docker, Kubernetes, Networking"
444,"Linux, Docker, Kubernetes, Jenkins, Git, AWS, CI/CD",DevOps Engineer,Automates software delivery and manages reliable infrastructure.,"Linux, Docker, Kubernetes, Jenkins, Git, AWS, CI/CD"
445,"Linux, Kubernetes, Docker, Python, Monitoring, AWS, CI/CD",Site Reliability Engineer,"Improves reliability, scalability, and availability of production systems.","Linux, Kubernetes, Docker, Python, Monitoring, AWS, CI/CD"
446,"Networking, Linux, Python, SIEM, Threat Detection, Cybersecurity",Cybersecurity Analyst,Monitors systems and investigates security threats.,"Networking, Linux, Python, SIEM, Threat Detection, Cybersecurity"
447,"Linux, Networking, Python, Cloud Security, Cryptography, Cybersecurity",Security Engineer,Designs and implements security controls for systems and networks.,"Linux, Networking, Python, Cloud Security, Cryptography, Cybersecurity"
448,"TCP/IP, Networking, Cisco, Linux, Routing, Switching",Network Engineer,"Designs, configures, and troubleshoots computer networks.","TCP/IP, Networking, Cisco, Linux, Routing, Switching"
449,"TCP/IP, Firewalls, VPN, Linux, Cisco, Cybersecurity",Network Security Engineer,"Secures networks using firewalls, VPNs, monitoring, and access controls.","TCP/IP, Firewalls, VPN, Linux, Cisco, Cybersecurity"
450,"Linux, Windows Server, Networking, Bash, PowerShell, Cloud",Systems Administrator,"Maintains servers, operating systems, accounts, and IT infrastructure.","Linux, Windows Server, Networking, Bash, PowerShell, Cloud"
451,"C, C++, Linux, Operating Systems, Data Structures, Git",System Software Engineer,Develops low-level system software and operating-system components.,"C, C++, Linux, Operating Systems, Data Structures, Git"
452,"C, C++, Microcontrollers, RTOS, Embedded Linux, Electronics",Embedded Systems Engineer,Develops software for embedded devices and hardware systems.,"C, C++, Microcontrollers, RTOS, Embedded Linux, Electronics"
453,"C, C++, Microcontrollers, Embedded Systems, RTOS, Debugging",Firmware Engineer,Develops and debugs firmware for electronic devices.,"C, C++, Microcontrollers, Embedded Systems, RTOS, Debugging"
454,"Python, C++, ROS, Robotics, Computer Vision, Control Systems",Robotics Engineer,Develops software and control systems for robots.,"Python, C++, ROS, Robotics, Computer Vision, Control Systems"
455,"Python, OpenCV, PyTorch, TensorFlow, Deep Learning, Computer Vision",Computer Vision Engineer,Builds systems that understand images and video.,"Python, OpenCV, PyTorch, TensorFlow, Deep Learning, Computer Vision"
456,"Python, NLP, Transformers, PyTorch, TensorFlow, Machine Learning",NLP Engineer,Develops systems for processing and understanding human language.,"Python, NLP, Transformers, PyTorch, TensorFlow, Machine Learning"
457,"Python, LLMs, Transformers, PyTorch, NLP, RAG, Vector Databases",Generative AI Engineer,Builds applications using large language models and generative AI.,"Python, LLMs, Transformers, PyTorch, NLP, RAG, Vector Databases"
458,"Python, Docker, Kubernetes, MLflow, AWS, CI/CD, Machine Learning",MLOps Engineer,Builds infrastructure and workflows for deploying ML models.,"Python, Docker, Kubernetes, MLflow, AWS, CI/CD, Machine Learning"
459,"Python, C++, Statistics, Mathematics, Machine Learning, Finance",Quantitative Analyst,Uses mathematical and statistical models to analyze financial markets.,"Python, C++, Statistics, Mathematics, Machine Learning, Finance"
460,"Excel, Financial Modeling, SQL, Power BI, Accounting, Finance",Financial Analyst,"Analyzes financial data, forecasts, and business performance.","Excel, Financial Modeling, SQL, Power BI, Accounting, Finance"
461,"Product Management, Agile, Scrum, Analytics, Communication, SQL",Product Manager,"Defines product requirements, priorities, and product strategy.","Product Management, Agile, Scrum, Analytics, Communication, SQL"
462,"Project Management, Agile, Scrum, Jira, Communication, Risk Management",Project Manager,"Plans and manages projects, timelines, teams, and resources.","Project Management, Agile, Scrum, Jira, Communication, Risk Management"
463,"Figma, UI Design, UX Research, Prototyping, Wireframing",UI/UX Designer,"Designs user experiences, interfaces, and interactive prototypes.","Figma, UI Design, UX Research, Prototyping, Wireframing"
464,"Manual Testing, Test Cases, SQL, Jira, API Testing, Software Testing",QA Engineer,Tests software to identify defects and verify requirements.,"Manual Testing, Test Cases, SQL, Jira, API Testing, Software Testing"
465,"Selenium, Python, Java, API Testing, Test Automation, Git",QA Automation Engineer,Builds automated tests for software applications.,"Selenium, Python, Java, API Testing, Test Automation, Git"
466,"Android, Kotlin, Java, Firebase, Git",Mobile App Developer,Develops applications for Android mobile devices.,"Android, Kotlin, Java, Firebase, Git"
467,"Swift, SwiftUI, Xcode, iOS, Git",iOS Developer,Develops applications for Apple platforms.,"Swift, SwiftUI, Xcode, iOS, Git"
468,"React, JavaScript, TypeScript, HTML, CSS, Git",React Developer,Builds modern web applications using React.,"React, JavaScript, TypeScript, HTML, CSS, Git"
469,"Node.js, JavaScript, Express, REST API, MongoDB, Git",Node.js Developer,Develops backend applications and APIs with Node.js.,"Node.js, JavaScript, Express, REST API, MongoDB, Git"
470,"Java, Spring Boot, SQL, REST API, Git, Microservices",Java Developer,Develops enterprise and backend applications using Java.,"Java, Spring Boot, SQL, REST API, Git, Microservices"
471,"Python, Django, Flask, FastAPI, SQL, Git",Python Developer,"Builds web applications, APIs, and automation using Python.","Python, Django, Flask, FastAPI, SQL, Git"
472,"C++, STL, Data Structures, Algorithms, Linux, Git",C++ Developer,Develops high-performance applications using C++.,"C++, STL, Data Structures, Algorithms, Linux, Git"
473,"Solidity, Ethereum, Web3, JavaScript, Cryptography, Smart Contracts",Blockchain Developer,Develops blockchain applications and smart contracts.,"Solidity, Ethereum, Web3, JavaScript, Cryptography, Smart Contracts"
474,"C++, C#, Unity, Unreal Engine, 3D Math, Game Development",Game Developer,Develops interactive games and game systems.,"C++, C#, Unity, Unreal Engine, 3D Math, Game Development"
475,"Unity, C#, 3D Graphics, Blender, Computer Vision, AR/VR",AR/VR Developer,Develops augmented and virtual reality experiences.,"Unity, C#, 3D Graphics, Blender, Computer Vision, AR/VR"
476,"AWS, Azure, Cloud Architecture, Networking, Docker, Kubernetes",Solutions Architect,Designs scalable technical architectures and cloud solutions.,"AWS, Azure, Cloud Architecture, Networking, Docker, Kubernetes"
477,"AWS, Azure, IAM, Networking, Linux, Cybersecurity",Cloud Security Engineer,"Secures cloud platforms, identities, workloads, and infrastructure.","AWS, Azure, IAM, Networking, Linux, Cybersecurity"
478,"Python, PyTorch, Mathematics, Deep Learning, Research, Machine Learning",AI Research Scientist,Researches new algorithms and methods in artificial intelligence.,"Python, PyTorch, Mathematics, Deep Learning, Research, Machine Learning"
479,"Python, Statistics, Mathematics, Research, Machine Learning, Data Analysis",Research Scientist,Conducts technical research and develops analytical methods.,"Python, Statistics, Mathematics, Research, Machine Learning, Data Analysis"
480,"Python, Java, C++, Git, Data Structures, Algorithms",Software Engineer,Builds and maintains software applications and services.,"Python, Java, C++, Git, Data Structures, Algorithms"
481,"HTML, CSS, JavaScript, React, TypeScript, Git",Frontend Developer,Builds responsive and interactive user interfaces.,"HTML, CSS, JavaScript, React, TypeScript, Git"
482,"Python, Java, Node.js, SQL, REST API, Git",Backend Developer,"Develops server-side applications, APIs, and backend services.","Python, Java, Node.js, SQL, REST API, Git"
483,"HTML, CSS, JavaScript, React, Node.js, SQL, Git",Full Stack Developer,"Works across frontend, backend, APIs, and databases.","HTML, CSS, JavaScript, React, Node.js, SQL, Git"
484,"Python, SQL, Pandas, NumPy, Scikit-learn, Statistics, Machine Learning",Data Scientist,Analyzes data and builds statistical and machine learning models.,"Python, SQL, Pandas, NumPy, Scikit-learn, Statistics, Machine Learning"
485,"Python, TensorFlow, PyTorch, Scikit-learn, SQL, Machine Learning, MLOps",Machine Learning Engineer,"Develops, trains, deploys, and monitors machine learning systems.","Python, TensorFlow, PyTorch, Scikit-learn, SQL, Machine Learning, MLOps"
486,"Python, PyTorch, TensorFlow, Machine Learning, Deep Learning, NLP",AI Engineer,Builds AI-powered applications and intelligent systems.,"Python, PyTorch, TensorFlow, Machine Learning, Deep Learning, NLP"
487,"Python, SQL, Excel, Power BI, Tableau, Statistics",Data Analyst,Analyzes business data and creates reports and dashboards.,"Python, SQL, Excel, Power BI, Tableau, Statistics"
488,"SQL, Excel, Power BI, Tableau, Requirements Analysis, Communication",Business Analyst,Translates business needs into data-driven requirements and solutions.,"SQL, Excel, Power BI, Tableau, Requirements Analysis, Communication"
489,"Python, SQL, Spark, Hadoop, ETL, AWS, Data Warehousing",Data Engineer,Builds data pipelines and infrastructure for large-scale data processing.,"Python, SQL, Spark, Hadoop, ETL, AWS, Data Warehousing"
490,"SQL, PostgreSQL, MySQL, Oracle, Database Design, Python",Database Developer,"Designs, develops, and optimizes database systems.","SQL, PostgreSQL, MySQL, Oracle, Database Design, Python"
491,"AWS, Azure, GCP, Linux, Docker, Kubernetes, Networking",Cloud Engineer,Designs and maintains cloud infrastructure and services.,"AWS, Azure, GCP, Linux, Docker, Kubernetes, Networking"
492,"Linux, Docker, Kubernetes, Jenkins, Git, AWS, CI/CD",DevOps Engineer,Automates software delivery and manages reliable infrastructure.,"Linux, Docker, Kubernetes, Jenkins, Git, AWS, CI/CD"
493,"Linux, Kubernetes, Docker, Python, Monitoring, AWS, CI/CD",Site Reliability Engineer,"Improves reliability, scalability, and availability of production systems.","Linux, Kubernetes, Docker, Python, Monitoring, AWS, CI/CD"
494,"Networking, Linux, Python, SIEM, Threat Detection, Cybersecurity",Cybersecurity Analyst,Monitors systems and investigates security threats.,"Networking, Linux, Python, SIEM, Threat Detection, Cybersecurity"
495,"Linux, Networking, Python, Cloud Security, Cryptography, Cybersecurity",Security Engineer,Designs and implements security controls for systems and networks.,"Linux, Networking, Python, Cloud Security, Cryptography, Cybersecurity"
496,"TCP/IP, Networking, Cisco, Linux, Routing, Switching",Network Engineer,"Designs, configures, and troubleshoots computer networks.","TCP/IP, Networking, Cisco, Linux, Routing, Switching"
497,"TCP/IP, Firewalls, VPN, Linux, Cisco, Cybersecurity",Network Security Engineer,"Secures networks using firewalls, VPNs, monitoring, and access controls.","TCP/IP, Firewalls, VPN, Linux, Cisco, Cybersecurity"
498,"Linux, Windows Server, Networking, Bash, PowerShell, Cloud",Systems Administrator,"Maintains servers, operating systems, accounts, and IT infrastructure.","Linux, Windows Server, Networking, Bash, PowerShell, Cloud"
499,"C, C++, Linux, Operating Systems, Data Structures, Git",System Software Engineer,Develops low-level system software and operating-system components.,"C, C++, Linux, Operating Systems, Data Structures, Git"
500,"C, C++, Microcontrollers, RTOS, Embedded Linux, Electronics",Embedded Systems Engineer,Develops software for embedded devices and hardware systems.,"C, C++, Microcontrollers, RTOS, Embedded Linux, Electronics"
501,"C, C++, Microcontrollers, Embedded Systems, RTOS, Debugging",Firmware Engineer,Develops and debugs firmware for electronic devices.,"C, C++, Microcontrollers, Embedded Systems, RTOS, Debugging"
502,"Python, C++, ROS, Robotics, Computer Vision, Control Systems",Robotics Engineer,Develops software and control systems for robots.,"Python, C++, ROS, Robotics, Computer Vision, Control Systems"
503,"Python, OpenCV, PyTorch, TensorFlow, Deep Learning, Computer Vision",Computer Vision Engineer,Builds systems that understand images and video.,"Python, OpenCV, PyTorch, TensorFlow, Deep Learning, Computer Vision"
504,"Python, NLP, Transformers, PyTorch, TensorFlow, Machine Learning",NLP Engineer,Develops systems for processing and understanding human language.,"Python, NLP, Transformers, PyTorch, TensorFlow, Machine Learning"
505,"Python, LLMs, Transformers, PyTorch, NLP, RAG, Vector Databases",Generative AI Engineer,Builds applications using large language models and generative AI.,"Python, LLMs, Transformers, PyTorch, NLP, RAG, Vector Databases"
506,"Python, Docker, Kubernetes, MLflow, AWS, CI/CD, Machine Learning",MLOps Engineer,Builds infrastructure and workflows for deploying ML models.,"Python, Docker, Kubernetes, MLflow, AWS, CI/CD, Machine Learning"
507,"Python, C++, Statistics, Mathematics, Machine Learning, Finance",Quantitative Analyst,Uses mathematical and statistical models to analyze financial markets.,"Python, C++, Statistics, Mathematics, Machine Learning, Finance"
508,"Excel, Financial Modeling, SQL, Power BI, Accounting, Finance",Financial Analyst,"Analyzes financial data, forecasts, and business performance.","Excel, Financial Modeling, SQL, Power BI, Accounting, Finance"
509,"Product Management, Agile, Scrum, Analytics, Communication, SQL",Product Manager,"Defines product requirements, priorities, and product strategy.","Product Management, Agile, Scrum, Analytics, Communication, SQL"
510,"Project Management, Agile, Scrum, Jira, Communication, Risk Management",Project Manager,"Plans and manages projects, timelines, teams, and resources.","Project Management, Agile, Scrum, Jira, Communication, Risk Management"
511,"Figma, UI Design, UX Research, Prototyping, Wireframing",UI/UX Designer,"Designs user experiences, interfaces, and interactive prototypes.","Figma, UI Design, UX Research, Prototyping, Wireframing"
512,"Manual Testing, Test Cases, SQL, Jira, API Testing, Software Testing",QA Engineer,Tests software to identify defects and verify requirements.,"Manual Testing, Test Cases, SQL, Jira, API Testing, Software Testing"
513,"Selenium, Python, Java, API Testing, Test Automation, Git",QA Automation Engineer,Builds automated tests for software applications.,"Selenium, Python, Java, API Testing, Test Automation, Git"
514,"Android, Kotlin, Java, Firebase, Git",Mobile App Developer,Develops applications for Android mobile devices.,"Android, Kotlin, Java, Firebase, Git"
515,"Swift, SwiftUI, Xcode, iOS, Git",iOS Developer,Develops applications for Apple platforms.,"Swift, SwiftUI, Xcode, iOS, Git"
516,"React, JavaScript, TypeScript, HTML, CSS, Git",React Developer,Builds modern web applications using React.,"React, JavaScript, TypeScript, HTML, CSS, Git"
517,"Node.js, JavaScript, Express, REST API, MongoDB, Git",Node.js Developer,Develops backend applications and APIs with Node.js.,"Node.js, JavaScript, Express, REST API, MongoDB, Git"
518,"Java, Spring Boot, SQL, REST API, Git, Microservices",Java Developer,Develops enterprise and backend applications using Java.,"Java, Spring Boot, SQL, REST API, Git, Microservices"
519,"Python, Django, Flask, FastAPI, SQL, Git",Python Developer,"Builds web applications, APIs, and automation using Python.","Python, Django, Flask, FastAPI, SQL, Git"
520,"C++, STL, Data Structures, Algorithms, Linux, Git",C++ Developer,Develops high-performance applications using C++.,"C++, STL, Data Structures, Algorithms, Linux, Git"
521,"Solidity, Ethereum, Web3, JavaScript, Cryptography, Smart Contracts",Blockchain Developer,Develops blockchain applications and smart contracts.,"Solidity, Ethereum, Web3, JavaScript, Cryptography, Smart Contracts"
522,"C++, C#, Unity, Unreal Engine, 3D Math, Game Development",Game Developer,Develops interactive games and game systems.,"C++, C#, Unity, Unreal Engine, 3D Math, Game Development"
523,"Unity, C#, 3D Graphics, Blender, Computer Vision, AR/VR",AR/VR Developer,Develops augmented and virtual reality experiences.,"Unity, C#, 3D Graphics, Blender, Computer Vision, AR/VR"
524,"AWS, Azure, Cloud Architecture, Networking, Docker, Kubernetes",Solutions Architect,Designs scalable technical architectures and cloud solutions.,"AWS, Azure, Cloud Architecture, Networking, Docker, Kubernetes"
525,"AWS, Azure, IAM, Networking, Linux, Cybersecurity",Cloud Security Engineer,"Secures cloud platforms, identities, workloads, and infrastructure.","AWS, Azure, IAM, Networking, Linux, Cybersecurity"
526,"Python, PyTorch, Mathematics, Deep Learning, Research, Machine Learning",AI Research Scientist,Researches new algorithms and methods in artificial intelligence.,"Python, PyTorch, Mathematics, Deep Learning, Research, Machine Learning"
527,"Python, Statistics, Mathematics, Research, Machine Learning, Data Analysis",Research Scientist,Conducts technical research and develops analytical methods.,"Python, Statistics, Mathematics, Research, Machine Learning, Data Analysis"
528,"Python, Java, C++, Git, Data Structures, Algorithms",Software Engineer,Builds and maintains software applications and services.,"Python, Java, C++, Git, Data Structures, Algorithms"
529,"HTML, CSS, JavaScript, React, TypeScript, Git",Frontend Developer,Builds responsive and interactive user interfaces.,"HTML, CSS, JavaScript, React, TypeScript, Git"
530,"Python, Java, Node.js, SQL, REST API, Git",Backend Developer,"Develops server-side applications, APIs, and backend services.","Python, Java, Node.js, SQL, REST API, Git"
531,"HTML, CSS, JavaScript, React, Node.js, SQL, Git",Full Stack Developer,"Works across frontend, backend, APIs, and databases.","HTML, CSS, JavaScript, React, Node.js, SQL, Git"
532,"Python, SQL, Pandas, NumPy, Scikit-learn, Statistics, Machine Learning",Data Scientist,Analyzes data and builds statistical and machine learning models.,"Python, SQL, Pandas, NumPy, Scikit-learn, Statistics, Machine Learning"
533,"Python, TensorFlow, PyTorch, Scikit-learn, SQL, Machine Learning, MLOps",Machine Learning Engineer,"Develops, trains, deploys, and monitors machine learning systems.","Python, TensorFlow, PyTorch, Scikit-learn, SQL, Machine Learning, MLOps"
534,"Python, PyTorch, TensorFlow, Machine Learning, Deep Learning, NLP",AI Engineer,Builds AI-powered applications and intelligent systems.,"Python, PyTorch, TensorFlow, Machine Learning, Deep Learning, NLP"
535,"Python, SQL, Excel, Power BI, Tableau, Statistics",Data Analyst,Analyzes business data and creates reports and dashboards.,"Python, SQL, Excel, Power BI, Tableau, Statistics"
536,"SQL, Excel, Power BI, Tableau, Requirements Analysis, Communication",Business Analyst,Translates business needs into data-driven requirements and solutions.,"SQL, Excel, Power BI, Tableau, Requirements Analysis, Communication"
537,"Python, SQL, Spark, Hadoop, ETL, AWS, Data Warehousing",Data Engineer,Builds data pipelines and infrastructure for large-scale data processing.,"Python, SQL, Spark, Hadoop, ETL, AWS, Data Warehousing"
538,"SQL, PostgreSQL, MySQL, Oracle, Database Design, Python",Database Developer,"Designs, develops, and optimizes database systems.","SQL, PostgreSQL, MySQL, Oracle, Database Design, Python"
539,"AWS, Azure, GCP, Linux, Docker, Kubernetes, Networking",Cloud Engineer,Designs and maintains cloud infrastructure and services.,"AWS, Azure, GCP, Linux, Docker, Kubernetes, Networking"
540,"Linux, Docker, Kubernetes, Jenkins, Git, AWS, CI/CD",DevOps Engineer,Automates software delivery and manages reliable infrastructure.,"Linux, Docker, Kubernetes, Jenkins, Git, AWS, CI/CD"
541,"Linux, Kubernetes, Docker, Python, Monitoring, AWS, CI/CD",Site Reliability Engineer,"Improves reliability, scalability, and availability of production systems.","Linux, Kubernetes, Docker, Python, Monitoring, AWS, CI/CD"
542,"Networking, Linux, Python, SIEM, Threat Detection, Cybersecurity",Cybersecurity Analyst,Monitors systems and investigates security threats.,"Networking, Linux, Python, SIEM, Threat Detection, Cybersecurity"
543,"Linux, Networking, Python, Cloud Security, Cryptography, Cybersecurity",Security Engineer,Designs and implements security controls for systems and networks.,"Linux, Networking, Python, Cloud Security, Cryptography, Cybersecurity"
544,"TCP/IP, Networking, Cisco, Linux, Routing, Switching",Network Engineer,"Designs, configures, and troubleshoots computer networks.","TCP/IP, Networking, Cisco, Linux, Routing, Switching"
545,"TCP/IP, Firewalls, VPN, Linux, Cisco, Cybersecurity",Network Security Engineer,"Secures networks using firewalls, VPNs, monitoring, and access controls.","TCP/IP, Firewalls, VPN, Linux, Cisco, Cybersecurity"
546,"Linux, Windows Server, Networking, Bash, PowerShell, Cloud",Systems Administrator,"Maintains servers, operating systems, accounts, and IT infrastructure.","Linux, Windows Server, Networking, Bash, PowerShell, Cloud"
547,"C, C++, Linux, Operating Systems, Data Structures, Git",System Software Engineer,Develops low-level system software and operating-system components.,"C, C++, Linux, Operating Systems, Data Structures, Git"
548,"C, C++, Microcontrollers, RTOS, Embedded Linux, Electronics",Embedded Systems Engineer,Develops software for embedded devices and hardware systems.,"C, C++, Microcontrollers, RTOS, Embedded Linux, Electronics"
549,"C, C++, Microcontrollers, Embedded Systems, RTOS, Debugging",Firmware Engineer,Develops and debugs firmware for electronic devices.,"C, C++, Microcontrollers, Embedded Systems, RTOS, Debugging"
550,"Python, C++, ROS, Robotics, Computer Vision, Control Systems",Robotics Engineer,Develops software and control systems for robots.,"Python, C++, ROS, Robotics, Computer Vision, Control Systems"
551,"Python, OpenCV, PyTorch, TensorFlow, Deep Learning, Computer Vision",Computer Vision Engineer,Builds systems that understand images and video.,"Python, OpenCV, PyTorch, TensorFlow, Deep Learning, Computer Vision"
552,"Python, NLP, Transformers, PyTorch, TensorFlow, Machine Learning",NLP Engineer,Develops systems for processing and understanding human language.,"Python, NLP, Transformers, PyTorch, TensorFlow, Machine Learning"
553,"Python, LLMs, Transformers, PyTorch, NLP, RAG, Vector Databases",Generative AI Engineer,Builds applications using large language models and generative AI.,"Python, LLMs, Transformers, PyTorch, NLP, RAG, Vector Databases"
554,"Python, Docker, Kubernetes, MLflow, AWS, CI/CD, Machine Learning",MLOps Engineer,Builds infrastructure and workflows for deploying ML models.,"Python, Docker, Kubernetes, MLflow, AWS, CI/CD, Machine Learning"
555,"Python, C++, Statistics, Mathematics, Machine Learning, Finance",Quantitative Analyst,Uses mathematical and statistical models to analyze financial markets.,"Python, C++, Statistics, Mathematics, Machine Learning, Finance"
556,"Excel, Financial Modeling, SQL, Power BI, Accounting, Finance",Financial Analyst,"Analyzes financial data, forecasts, and business performance.","Excel, Financial Modeling, SQL, Power BI, Accounting, Finance"
557,"Product Management, Agile, Scrum, Analytics, Communication, SQL",Product Manager,"Defines product requirements, priorities, and product strategy.","Product Management, Agile, Scrum, Analytics, Communication, SQL"
558,"Project Management, Agile, Scrum, Jira, Communication, Risk Management",Project Manager,"Plans and manages projects, timelines, teams, and resources.","Project Management, Agile, Scrum, Jira, Communication, Risk Management"
559,"Figma, UI Design, UX Research, Prototyping, Wireframing",UI/UX Designer,"Designs user experiences, interfaces, and interactive prototypes.","Figma, UI Design, UX Research, Prototyping, Wireframing"
560,"Manual Testing, Test Cases, SQL, Jira, API Testing, Software Testing",QA Engineer,Tests software to identify defects and verify requirements.,"Manual Testing, Test Cases, SQL, Jira, API Testing, Software Testing"
561,"Selenium, Python, Java, API Testing, Test Automation, Git",QA Automation Engineer,Builds automated tests for software applications.,"Selenium, Python, Java, API Testing, Test Automation, Git"
562,"Android, Kotlin, Java, Firebase, Git",Mobile App Developer,Develops applications for Android mobile devices.,"Android, Kotlin, Java, Firebase, Git"
563,"Swift, SwiftUI, Xcode, iOS, Git",iOS Developer,Develops applications for Apple platforms.,"Swift, SwiftUI, Xcode, iOS, Git"
564,"React, JavaScript, TypeScript, HTML, CSS, Git",React Developer,Builds modern web applications using React.,"React, JavaScript, TypeScript, HTML, CSS, Git"
565,"Node.js, JavaScript, Express, REST API, MongoDB, Git",Node.js Developer,Develops backend applications and APIs with Node.js.,"Node.js, JavaScript, Express, REST API, MongoDB, Git"
566,"Java, Spring Boot, SQL, REST API, Git, Microservices",Java Developer,Develops enterprise and backend applications using Java.,"Java, Spring Boot, SQL, REST API, Git, Microservices"
567,"Python, Django, Flask, FastAPI, SQL, Git",Python Developer,"Builds web applications, APIs, and automation using Python.","Python, Django, Flask, FastAPI, SQL, Git"
568,"C++, STL, Data Structures, Algorithms, Linux, Git",C++ Developer,Develops high-performance applications using C++.,"C++, STL, Data Structures, Algorithms, Linux, Git"
569,"Solidity, Ethereum, Web3, JavaScript, Cryptography, Smart Contracts",Blockchain Developer,Develops blockchain applications and smart contracts.,"Solidity, Ethereum, Web3, JavaScript, Cryptography, Smart Contracts"
570,"C++, C#, Unity, Unreal Engine, 3D Math, Game Development",Game Developer,Develops interactive games and game systems.,"C++, C#, Unity, Unreal Engine, 3D Math, Game Development"
571,"Unity, C#, 3D Graphics, Blender, Computer Vision, AR/VR",AR/VR Developer,Develops augmented and virtual reality experiences.,"Unity, C#, 3D Graphics, Blender, Computer Vision, AR/VR"
572,"AWS, Azure, Cloud Architecture, Networking, Docker, Kubernetes",Solutions Architect,Designs scalable technical architectures and cloud solutions.,"AWS, Azure, Cloud Architecture, Networking, Docker, Kubernetes"
573,"AWS, Azure, IAM, Networking, Linux, Cybersecurity",Cloud Security Engineer,"Secures cloud platforms, identities, workloads, and infrastructure.","AWS, Azure, IAM, Networking, Linux, Cybersecurity"
574,"Python, PyTorch, Mathematics, Deep Learning, Research, Machine Learning",AI Research Scientist,Researches new algorithms and methods in artificial intelligence.,"Python, PyTorch, Mathematics, Deep Learning, Research, Machine Learning"
575,"Python, Statistics, Mathematics, Research, Machine Learning, Data Analysis",Research Scientist,Conducts technical research and develops analytical methods.,"Python, Statistics, Mathematics, Research, Machine Learning, Data Analysis"
576,"Python, Java, C++, Git, Data Structures, Algorithms",Software Engineer,Builds and maintains software applications and services.,"Python, Java, C++, Git, Data Structures, Algorithms"
577,"HTML, CSS, JavaScript, React, TypeScript, Git",Frontend Developer,Builds responsive and interactive user interfaces.,"HTML, CSS, JavaScript, React, TypeScript, Git"
578,"Python, Java, Node.js, SQL, REST API, Git",Backend Developer,"Develops server-side applications, APIs, and backend services.","Python, Java, Node.js, SQL, REST API, Git"
579,"HTML, CSS, JavaScript, React, Node.js, SQL, Git",Full Stack Developer,"Works across frontend, backend, APIs, and databases.","HTML, CSS, JavaScript, React, Node.js, SQL, Git"
580,"Python, SQL, Pandas, NumPy, Scikit-learn, Statistics, Machine Learning",Data Scientist,Analyzes data and builds statistical and machine learning models.,"Python, SQL, Pandas, NumPy, Scikit-learn, Statistics, Machine Learning"
581,"Python, TensorFlow, PyTorch, Scikit-learn, SQL, Machine Learning, MLOps",Machine Learning Engineer,"Develops, trains, deploys, and monitors machine learning systems.","Python, TensorFlow, PyTorch, Scikit-learn, SQL, Machine Learning, MLOps"
582,"Python, PyTorch, TensorFlow, Machine Learning, Deep Learning, NLP",AI Engineer,Builds AI-powered applications and intelligent systems.,"Python, PyTorch, TensorFlow, Machine Learning, Deep Learning, NLP"
583,"Python, SQL, Excel, Power BI, Tableau, Statistics",Data Analyst,Analyzes business data and creates reports and dashboards.,"Python, SQL, Excel, Power BI, Tableau, Statistics"
584,"SQL, Excel, Power BI, Tableau, Requirements Analysis, Communication",Business Analyst,Translates business needs into data-driven requirements and solutions.,"SQL, Excel, Power BI, Tableau, Requirements Analysis, Communication"
585,"Python, SQL, Spark, Hadoop, ETL, AWS, Data Warehousing",Data Engineer,Builds data pipelines and infrastructure for large-scale data processing.,"Python, SQL, Spark, Hadoop, ETL, AWS, Data Warehousing"
586,"SQL, PostgreSQL, MySQL, Oracle, Database Design, Python",Database Developer,"Designs, develops, and optimizes database systems.","SQL, PostgreSQL, MySQL, Oracle, Database Design, Python"
587,"AWS, Azure, GCP, Linux, Docker, Kubernetes, Networking",Cloud Engineer,Designs and maintains cloud infrastructure and services.,"AWS, Azure, GCP, Linux, Docker, Kubernetes, Networking"
588,"Linux, Docker, Kubernetes, Jenkins, Git, AWS, CI/CD",DevOps Engineer,Automates software delivery and manages reliable infrastructure.,"Linux, Docker, Kubernetes, Jenkins, Git, AWS, CI/CD"
589,"Linux, Kubernetes, Docker, Python, Monitoring, AWS, CI/CD",Site Reliability Engineer,"Improves reliability, scalability, and availability of production systems.","Linux, Kubernetes, Docker, Python, Monitoring, AWS, CI/CD"
590,"Networking, Linux, Python, SIEM, Threat Detection, Cybersecurity",Cybersecurity Analyst,Monitors systems and investigates security threats.,"Networking, Linux, Python, SIEM, Threat Detection, Cybersecurity"
591,"Linux, Networking, Python, Cloud Security, Cryptography, Cybersecurity",Security Engineer,Designs and implements security controls for systems and networks.,"Linux, Networking, Python, Cloud Security, Cryptography, Cybersecurity"
592,"TCP/IP, Networking, Cisco, Linux, Routing, Switching",Network Engineer,"Designs, configures, and troubleshoots computer networks.","TCP/IP, Networking, Cisco, Linux, Routing, Switching"
593,"TCP/IP, Firewalls, VPN, Linux, Cisco, Cybersecurity",Network Security Engineer,"Secures networks using firewalls, VPNs, monitoring, and access controls.","TCP/IP, Firewalls, VPN, Linux, Cisco, Cybersecurity"
594,"Linux, Windows Server, Networking, Bash, PowerShell, Cloud",Systems Administrator,"Maintains servers, operating systems, accounts, and IT infrastructure.","Linux, Windows Server, Networking, Bash, PowerShell, Cloud"
595,"C, C++, Linux, Operating Systems, Data Structures, Git",System Software Engineer,Develops low-level system software and operating-system components.,"C, C++, Linux, Operating Systems, Data Structures, Git"
596,"C, C++, Microcontrollers, RTOS, Embedded Linux, Electronics",Embedded Systems Engineer,Develops software for embedded devices and hardware systems.,"C, C++, Microcontrollers, RTOS, Embedded Linux, Electronics"
597,"C, C++, Microcontrollers, Embedded Systems, RTOS, Debugging",Firmware Engineer,Develops and debugs firmware for electronic devices.,"C, C++, Microcontrollers, Embedded Systems, RTOS, Debugging"
598,"Python, C++, ROS, Robotics, Computer Vision, Control Systems",Robotics Engineer,Develops software and control systems for robots.,"Python, C++, ROS, Robotics, Computer Vision, Control Systems"
599,"Python, OpenCV, PyTorch, TensorFlow, Deep Learning, Computer Vision",Computer Vision Engineer,Builds systems that understand images and video.,"Python, OpenCV, PyTorch, TensorFlow, Deep Learning, Computer Vision"
600,"Python, NLP, Transformers, PyTorch, TensorFlow, Machine Learning",NLP Engineer,Develops systems for processing and understanding human language.,"Python, NLP, Transformers, PyTorch, TensorFlow, Machine Learning"
601,"Python, LLMs, Transformers, PyTorch, NLP, RAG, Vector Databases",Generative AI Engineer,Builds applications using large language models and generative AI.,"Python, LLMs, Transformers, PyTorch, NLP, RAG, Vector Databases"
602,"Python, Docker, Kubernetes, MLflow, AWS, CI/CD, Machine Learning",MLOps Engineer,Builds infrastructure and workflows for deploying ML models.,"Python, Docker, Kubernetes, MLflow, AWS, CI/CD, Machine Learning"
603,"Python, C++, Statistics, Mathematics, Machine Learning, Finance",Quantitative Analyst,Uses mathematical and statistical models to analyze financial markets.,"Python, C++, Statistics, Mathematics, Machine Learning, Finance"
604,"Excel, Financial Modeling, SQL, Power BI, Accounting, Finance",Financial Analyst,"Analyzes financial data, forecasts, and business performance.","Excel, Financial Modeling, SQL, Power BI, Accounting, Finance"
605,"Product Management, Agile, Scrum, Analytics, Communication, SQL",Product Manager,"Defines product requirements, priorities, and product strategy.","Product Management, Agile, Scrum, Analytics, Communication, SQL"
606,"Project Management, Agile, Scrum, Jira, Communication, Risk Management",Project Manager,"Plans and manages projects, timelines, teams, and resources.","Project Management, Agile, Scrum, Jira, Communication, Risk Management"
607,"Figma, UI Design, UX Research, Prototyping, Wireframing",UI/UX Designer,"Designs user experiences, interfaces, and interactive prototypes.","Figma, UI Design, UX Research, Prototyping, Wireframing"
608,"Manual Testing, Test Cases, SQL, Jira, API Testing, Software Testing",QA Engineer,Tests software to identify defects and verify requirements.,"Manual Testing, Test Cases, SQL, Jira, API Testing, Software Testing"
609,"Selenium, Python, Java, API Testing, Test Automation, Git",QA Automation Engineer,Builds automated tests for software applications.,"Selenium, Python, Java, API Testing, Test Automation, Git"
610,"Android, Kotlin, Java, Firebase, Git",Mobile App Developer,Develops applications for Android mobile devices.,"Android, Kotlin, Java, Firebase, Git"
611,"Swift, SwiftUI, Xcode, iOS, Git",iOS Developer,Develops applications for Apple platforms.,"Swift, SwiftUI, Xcode, iOS, Git"
612,"React, JavaScript, TypeScript, HTML, CSS, Git",React Developer,Builds modern web applications using React.,"React, JavaScript, TypeScript, HTML, CSS, Git"
613,"Node.js, JavaScript, Express, REST API, MongoDB, Git",Node.js Developer,Develops backend applications and APIs with Node.js.,"Node.js, JavaScript, Express, REST API, MongoDB, Git"
614,"Java, Spring Boot, SQL, REST API, Git, Microservices",Java Developer,Develops enterprise and backend applications using Java.,"Java, Spring Boot, SQL, REST API, Git, Microservices"
615,"Python, Django, Flask, FastAPI, SQL, Git",Python Developer,"Builds web applications, APIs, and automation using Python.","Python, Django, Flask, FastAPI, SQL, Git"
616,"C++, STL, Data Structures, Algorithms, Linux, Git",C++ Developer,Develops high-performance applications using C++.,"C++, STL, Data Structures, Algorithms, Linux, Git"
617,"Solidity, Ethereum, Web3, JavaScript, Cryptography, Smart Contracts",Blockchain Developer,Develops blockchain applications and smart contracts.,"Solidity, Ethereum, Web3, JavaScript, Cryptography, Smart Contracts"
618,"C++, C#, Unity, Unreal Engine, 3D Math, Game Development",Game Developer,Develops interactive games and game systems.,"C++, C#, Unity, Unreal Engine, 3D Math, Game Development"
619,"Unity, C#, 3D Graphics, Blender, Computer Vision, AR/VR",AR/VR Developer,Develops augmented and virtual reality experiences.,"Unity, C#, 3D Graphics, Blender, Computer Vision, AR/VR"
620,"AWS, Azure, Cloud Architecture, Networking, Docker, Kubernetes",Solutions Architect,Designs scalable technical architectures and cloud solutions.,"AWS, Azure, Cloud Architecture, Networking, Docker, Kubernetes"
621,"AWS, Azure, IAM, Networking, Linux, Cybersecurity",Cloud Security Engineer,"Secures cloud platforms, identities, workloads, and infrastructure.","AWS, Azure, IAM, Networking, Linux, Cybersecurity"
622,"Python, PyTorch, Mathematics, Deep Learning, Research, Machine Learning",AI Research Scientist,Researches new algorithms and methods in artificial intelligence.,"Python, PyTorch, Mathematics, Deep Learning, Research, Machine Learning"
623,"Python, Statistics, Mathematics, Research, Machine Learning, Data Analysis",Research Scientist,Conducts technical research and develops analytical methods.,"Python, Statistics, Mathematics, Research, Machine Learning, Data Analysis"
624,"Python, Java, C++, Git, Data Structures, Algorithms",Software Engineer,Builds and maintains software applications and services.,"Python, Java, C++, Git, Data Structures, Algorithms"
625,"HTML, CSS, JavaScript, React, TypeScript, Git",Frontend Developer,Builds responsive and interactive user interfaces.,"HTML, CSS, JavaScript, React, TypeScript, Git"
626,"Python, Java, Node.js, SQL, REST API, Git",Backend Developer,"Develops server-side applications, APIs, and backend services.","Python, Java, Node.js, SQL, REST API, Git"
627,"HTML, CSS, JavaScript, React, Node.js, SQL, Git",Full Stack Developer,"Works across frontend, backend, APIs, and databases.","HTML, CSS, JavaScript, React, Node.js, SQL, Git"
628,"Python, SQL, Pandas, NumPy, Scikit-learn, Statistics, Machine Learning",Data Scientist,Analyzes data and builds statistical and machine learning models.,"Python, SQL, Pandas, NumPy, Scikit-learn, Statistics, Machine Learning"
629,"Python, TensorFlow, PyTorch, Scikit-learn, SQL, Machine Learning, MLOps",Machine Learning Engineer,"Develops, trains, deploys, and monitors machine learning systems.","Python, TensorFlow, PyTorch, Scikit-learn, SQL, Machine Learning, MLOps"
630,"Python, PyTorch, TensorFlow, Machine Learning, Deep Learning, NLP",AI Engineer,Builds AI-powered applications and intelligent systems.,"Python, PyTorch, TensorFlow, Machine Learning, Deep Learning, NLP"
631,"Python, SQL, Excel, Power BI, Tableau, Statistics",Data Analyst,Analyzes business data and creates reports and dashboards.,"Python, SQL, Excel, Power BI, Tableau, Statistics"
632,"SQL, Excel, Power BI, Tableau, Requirements Analysis, Communication",Business Analyst,Translates business needs into data-driven requirements and solutions.,"SQL, Excel, Power BI, Tableau, Requirements Analysis, Communication"
633,"Python, SQL, Spark, Hadoop, ETL, AWS, Data Warehousing",Data Engineer,Builds data pipelines and infrastructure for large-scale data processing.,"Python, SQL, Spark, Hadoop, ETL, AWS, Data Warehousing"
634,"SQL, PostgreSQL, MySQL, Oracle, Database Design, Python",Database Developer,"Designs, develops, and optimizes database systems.","SQL, PostgreSQL, MySQL, Oracle, Database Design, Python"
635,"AWS, Azure, GCP, Linux, Docker, Kubernetes, Networking",Cloud Engineer,Designs and maintains cloud infrastructure and services.,"AWS, Azure, GCP, Linux, Docker, Kubernetes, Networking"
636,"Linux, Docker, Kubernetes, Jenkins, Git, AWS, CI/CD",DevOps Engineer,Automates software delivery and manages reliable infrastructure.,"Linux, Docker, Kubernetes, Jenkins, Git, AWS, CI/CD"
637,"Linux, Kubernetes, Docker, Python, Monitoring, AWS, CI/CD",Site Reliability Engineer,"Improves reliability, scalability, and availability of production systems.","Linux, Kubernetes, Docker, Python, Monitoring, AWS, CI/CD"
638,"Networking, Linux, Python, SIEM, Threat Detection, Cybersecurity",Cybersecurity Analyst,Monitors systems and investigates security threats.,"Networking, Linux, Python, SIEM, Threat Detection, Cybersecurity"
639,"Linux, Networking, Python, Cloud Security, Cryptography, Cybersecurity",Security Engineer,Designs and implements security controls for systems and networks.,"Linux, Networking, Python, Cloud Security, Cryptography, Cybersecurity"
640,"TCP/IP, Networking, Cisco, Linux, Routing, Switching",Network Engineer,"Designs, configures, and troubleshoots computer networks.","TCP/IP, Networking, Cisco, Linux, Routing, Switching"
641,"TCP/IP, Firewalls, VPN, Linux, Cisco, Cybersecurity",Network Security Engineer,"Secures networks using firewalls, VPNs, monitoring, and access controls.","TCP/IP, Firewalls, VPN, Linux, Cisco, Cybersecurity"
642,"Linux, Windows Server, Networking, Bash, PowerShell, Cloud",Systems Administrator,"Maintains servers, operating systems, accounts, and IT infrastructure.","Linux, Windows Server, Networking, Bash, PowerShell, Cloud"
643,"C, C++, Linux, Operating Systems, Data Structures, Git",System Software Engineer,Develops low-level system software and operating-system components.,"C, C++, Linux, Operating Systems, Data Structures, Git"
644,"C, C++, Microcontrollers, RTOS, Embedded Linux, Electronics",Embedded Systems Engineer,Develops software for embedded devices and hardware systems.,"C, C++, Microcontrollers, RTOS, Embedded Linux, Electronics"
645,"C, C++, Microcontrollers, Embedded Systems, RTOS, Debugging",Firmware Engineer,Develops and debugs firmware for electronic devices.,"C, C++, Microcontrollers, Embedded Systems, RTOS, Debugging"
646,"Python, C++, ROS, Robotics, Computer Vision, Control Systems",Robotics Engineer,Develops software and control systems for robots.,"Python, C++, ROS, Robotics, Computer Vision, Control Systems"
647,"Python, OpenCV, PyTorch, TensorFlow, Deep Learning, Computer Vision",Computer Vision Engineer,Builds systems that understand images and video.,"Python, OpenCV, PyTorch, TensorFlow, Deep Learning, Computer Vision"
648,"Python, NLP, Transformers, PyTorch, TensorFlow, Machine Learning",NLP Engineer,Develops systems for processing and understanding human language.,"Python, NLP, Transformers, PyTorch, TensorFlow, Machine Learning"
649,"Python, LLMs, Transformers, PyTorch, NLP, RAG, Vector Databases",Generative AI Engineer,Builds applications using large language models and generative AI.,"Python, LLMs, Transformers, PyTorch, NLP, RAG, Vector Databases"
650,"Python, Docker, Kubernetes, MLflow, AWS, CI/CD, Machine Learning",MLOps Engineer,Builds infrastructure and workflows for deploying ML models.,"Python, Docker, Kubernetes, MLflow, AWS, CI/CD, Machine Learning"
651,"Python, C++, Statistics, Mathematics, Machine Learning, Finance",Quantitative Analyst,Uses mathematical and statistical models to analyze financial markets.,"Python, C++, Statistics, Mathematics, Machine Learning, Finance"
652,"Excel, Financial Modeling, SQL, Power BI, Accounting, Finance",Financial Analyst,"Analyzes financial data, forecasts, and business performance.","Excel, Financial Modeling, SQL, Power BI, Accounting, Finance"
653,"Product Management, Agile, Scrum, Analytics, Communication, SQL",Product Manager,"Defines product requirements, priorities, and product strategy.","Product Management, Agile, Scrum, Analytics, Communication, SQL"
654,"Project Management, Agile, Scrum, Jira, Communication, Risk Management",Project Manager,"Plans and manages projects, timelines, teams, and resources.","Project Management, Agile, Scrum, Jira, Communication, Risk Management"
655,"Figma, UI Design, UX Research, Prototyping, Wireframing",UI/UX Designer,"Designs user experiences, interfaces, and interactive prototypes.","Figma, UI Design, UX Research, Prototyping, Wireframing"
656,"Manual Testing, Test Cases, SQL, Jira, API Testing, Software Testing",QA Engineer,Tests software to identify defects and verify requirements.,"Manual Testing, Test Cases, SQL, Jira, API Testing, Software Testing"
657,"Selenium, Python, Java, API Testing, Test Automation, Git",QA Automation Engineer,Builds automated tests for software applications.,"Selenium, Python, Java, API Testing, Test Automation, Git"
658,"Android, Kotlin, Java, Firebase, Git",Mobile App Developer,Develops applications for Android mobile devices.,"Android, Kotlin, Java, Firebase, Git"
659,"Swift, SwiftUI, Xcode, iOS, Git",iOS Developer,Develops applications for Apple platforms.,"Swift, SwiftUI, Xcode, iOS, Git"
660,"React, JavaScript, TypeScript, HTML, CSS, Git",React Developer,Builds modern web applications using React.,"React, JavaScript, TypeScript, HTML, CSS, Git"
661,"Node.js, JavaScript, Express, REST API, MongoDB, Git",Node.js Developer,Develops backend applications and APIs with Node.js.,"Node.js, JavaScript, Express, REST API, MongoDB, Git"
662,"Java, Spring Boot, SQL, REST API, Git, Microservices",Java Developer,Develops enterprise and backend applications using Java.,"Java, Spring Boot, SQL, REST API, Git, Microservices"
663,"Python, Django, Flask, FastAPI, SQL, Git",Python Developer,"Builds web applications, APIs, and automation using Python.","Python, Django, Flask, FastAPI, SQL, Git"
664,"C++, STL, Data Structures, Algorithms, Linux, Git",C++ Developer,Develops high-performance applications using C++.,"C++, STL, Data Structures, Algorithms, Linux, Git"
665,"Solidity, Ethereum, Web3, JavaScript, Cryptography, Smart Contracts",Blockchain Developer,Develops blockchain applications and smart contracts.,"Solidity, Ethereum, Web3, JavaScript, Cryptography, Smart Contracts"
666,"C++, C#, Unity, Unreal Engine, 3D Math, Game Development",Game Developer,Develops interactive games and game systems.,"C++, C#, Unity, Unreal Engine, 3D Math, Game Development"
667,"Unity, C#, 3D Graphics, Blender, Computer Vision, AR/VR",AR/VR Developer,Develops augmented and virtual reality experiences.,"Unity, C#, 3D Graphics, Blender, Computer Vision, AR/VR"
668,"AWS, Azure, Cloud Architecture, Networking, Docker, Kubernetes",Solutions Architect,Designs scalable technical architectures and cloud solutions.,"AWS, Azure, Cloud Architecture, Networking, Docker, Kubernetes"
669,"AWS, Azure, IAM, Networking, Linux, Cybersecurity",Cloud Security Engineer,"Secures cloud platforms, identities, workloads, and infrastructure.","AWS, Azure, IAM, Networking, Linux, Cybersecurity"
670,"Python, PyTorch, Mathematics, Deep Learning, Research, Machine Learning",AI Research Scientist,Researches new algorithms and methods in artificial intelligence.,"Python, PyTorch, Mathematics, Deep Learning, Research, Machine Learning"
671,"Python, Statistics, Mathematics, Research, Machine Learning, Data Analysis",Research Scientist,Conducts technical research and develops analytical methods.,"Python, Statistics, Mathematics, Research, Machine Learning, Data Analysis"
672,"Python, Java, C++, Git, Data Structures, Algorithms",Software Engineer,Builds and maintains software applications and services.,"Python, Java, C++, Git, Data Structures, Algorithms"
673,"HTML, CSS, JavaScript, React, TypeScript, Git",Frontend Developer,Builds responsive and interactive user interfaces.,"HTML, CSS, JavaScript, React, TypeScript, Git"
674,"Python, Java, Node.js, SQL, REST API, Git",Backend Developer,"Develops server-side applications, APIs, and backend services.","Python, Java, Node.js, SQL, REST API, Git"
675,"HTML, CSS, JavaScript, React, Node.js, SQL, Git",Full Stack Developer,"Works across frontend, backend, APIs, and databases.","HTML, CSS, JavaScript, React, Node.js, SQL, Git"
676,"Python, SQL, Pandas, NumPy, Scikit-learn, Statistics, Machine Learning",Data Scientist,Analyzes data and builds statistical and machine learning models.,"Python, SQL, Pandas, NumPy, Scikit-learn, Statistics, Machine Learning"
677,"Python, TensorFlow, PyTorch, Scikit-learn, SQL, Machine Learning, MLOps",Machine Learning Engineer,"Develops, trains, deploys, and monitors machine learning systems.","Python, TensorFlow, PyTorch, Scikit-learn, SQL, Machine Learning, MLOps"
678,"Python, PyTorch, TensorFlow, Machine Learning, Deep Learning, NLP",AI Engineer,Builds AI-powered applications and intelligent systems.,"Python, PyTorch, TensorFlow, Machine Learning, Deep Learning, NLP"
679,"Python, SQL, Excel, Power BI, Tableau, Statistics",Data Analyst,Analyzes business data and creates reports and dashboards.,"Python, SQL, Excel, Power BI, Tableau, Statistics"
680,"SQL, Excel, Power BI, Tableau, Requirements Analysis, Communication",Business Analyst,Translates business needs into data-driven requirements and solutions.,"SQL, Excel, Power BI, Tableau, Requirements Analysis, Communication"
681,"Python, SQL, Spark, Hadoop, ETL, AWS, Data Warehousing",Data Engineer,Builds data pipelines and infrastructure for large-scale data processing.,"Python, SQL, Spark, Hadoop, ETL, AWS, Data Warehousing"
682,"SQL, PostgreSQL, MySQL, Oracle, Database Design, Python",Database Developer,"Designs, develops, and optimizes database systems.","SQL, PostgreSQL, MySQL, Oracle, Database Design, Python"
683,"AWS, Azure, GCP, Linux, Docker, Kubernetes, Networking",Cloud Engineer,Designs and maintains cloud infrastructure and services.,"AWS, Azure, GCP, Linux, Docker, Kubernetes, Networking"
684,"Linux, Docker, Kubernetes, Jenkins, Git, AWS, CI/CD",DevOps Engineer,Automates software delivery and manages reliable infrastructure.,"Linux, Docker, Kubernetes, Jenkins, Git, AWS, CI/CD"
685,"Linux, Kubernetes, Docker, Python, Monitoring, AWS, CI/CD",Site Reliability Engineer,"Improves reliability, scalability, and availability of production systems.","Linux, Kubernetes, Docker, Python, Monitoring, AWS, CI/CD"
686,"Networking, Linux, Python, SIEM, Threat Detection, Cybersecurity",Cybersecurity Analyst,Monitors systems and investigates security threats.,"Networking, Linux, Python, SIEM, Threat Detection, Cybersecurity"
687,"Linux, Networking, Python, Cloud Security, Cryptography, Cybersecurity",Security Engineer,Designs and implements security controls for systems and networks.,"Linux, Networking, Python, Cloud Security, Cryptography, Cybersecurity"
688,"TCP/IP, Networking, Cisco, Linux, Routing, Switching",Network Engineer,"Designs, configures, and troubleshoots computer networks.","TCP/IP, Networking, Cisco, Linux, Routing, Switching"
689,"TCP/IP, Firewalls, VPN, Linux, Cisco, Cybersecurity",Network Security Engineer,"Secures networks using firewalls, VPNs, monitoring, and access controls.","TCP/IP, Firewalls, VPN, Linux, Cisco, Cybersecurity"
690,"Linux, Windows Server, Networking, Bash, PowerShell, Cloud",Systems Administrator,"Maintains servers, operating systems, accounts, and IT infrastructure.","Linux, Windows Server, Networking, Bash, PowerShell, Cloud"
691,"C, C++, Linux, Operating Systems, Data Structures, Git",System Software Engineer,Develops low-level system software and operating-system components.,"C, C++, Linux, Operating Systems, Data Structures, Git"
692,"C, C++, Microcontrollers, RTOS, Embedded Linux, Electronics",Embedded Systems Engineer,Develops software for embedded devices and hardware systems.,"C, C++, Microcontrollers, RTOS, Embedded Linux, Electronics"
693,"C, C++, Microcontrollers, Embedded Systems, RTOS, Debugging",Firmware Engineer,Develops and debugs firmware for electronic devices.,"C, C++, Microcontrollers, Embedded Systems, RTOS, Debugging"
694,"Python, C++, ROS, Robotics, Computer Vision, Control Systems",Robotics Engineer,Develops software and control systems for robots.,"Python, C++, ROS, Robotics, Computer Vision, Control Systems"
695,"Python, OpenCV, PyTorch, TensorFlow, Deep Learning, Computer Vision",Computer Vision Engineer,Builds systems that understand images and video.,"Python, OpenCV, PyTorch, TensorFlow, Deep Learning, Computer Vision"
696,"Python, NLP, Transformers, PyTorch, TensorFlow, Machine Learning",NLP Engineer,Develops systems for processing and understanding human language.,"Python, NLP, Transformers, PyTorch, TensorFlow, Machine Learning"
697,"Python, LLMs, Transformers, PyTorch, NLP, RAG, Vector Databases",Generative AI Engineer,Builds applications using large language models and generative AI.,"Python, LLMs, Transformers, PyTorch, NLP, RAG, Vector Databases"
698,"Python, Docker, Kubernetes, MLflow, AWS, CI/CD, Machine Learning",MLOps Engineer,Builds infrastructure and workflows for deploying ML models.,"Python, Docker, Kubernetes, MLflow, AWS, CI/CD, Machine Learning"
699,"Python, C++, Statistics, Mathematics, Machine Learning, Finance",Quantitative Analyst,Uses mathematical and statistical models to analyze financial markets.,"Python, C++, Statistics, Mathematics, Machine Learning, Finance"
700,"Excel, Financial Modeling, SQL, Power BI, Accounting, Finance",Financial Analyst,"Analyzes financial data, forecasts, and business performance.","Excel, Financial Modeling, SQL, Power BI, Accounting, Finance"
701,"Product Management, Agile, Scrum, Analytics, Communication, SQL",Product Manager,"Defines product requirements, priorities, and product strategy.","Product Management, Agile, Scrum, Analytics, Communication, SQL"
702,"Project Management, Agile, Scrum, Jira, Communication, Risk Management",Project Manager,"Plans and manages projects, timelines, teams, and resources.","Project Management, Agile, Scrum, Jira, Communication, Risk Management"
703,"Figma, UI Design, UX Research, Prototyping, Wireframing",UI/UX Designer,"Designs user experiences, interfaces, and interactive prototypes.","Figma, UI Design, UX Research, Prototyping, Wireframing"
704,"Manual Testing, Test Cases, SQL, Jira, API Testing, Software Testing",QA Engineer,Tests software to identify defects and verify requirements.,"Manual Testing, Test Cases, SQL, Jira, API Testing, Software Testing"
705,"Selenium, Python, Java, API Testing, Test Automation, Git",QA Automation Engineer,Builds automated tests for software applications.,"Selenium, Python, Java, API Testing, Test Automation, Git"
706,"Android, Kotlin, Java, Firebase, Git",Mobile App Developer,Develops applications for Android mobile devices.,"Android, Kotlin, Java, Firebase, Git"
707,"Swift, SwiftUI, Xcode, iOS, Git",iOS Developer,Develops applications for Apple platforms.,"Swift, SwiftUI, Xcode, iOS, Git"
708,"React, JavaScript, TypeScript, HTML, CSS, Git",React Developer,Builds modern web applications using React.,"React, JavaScript, TypeScript, HTML, CSS, Git"
709,"Node.js, JavaScript, Express, REST API, MongoDB, Git",Node.js Developer,Develops backend applications and APIs with Node.js.,"Node.js, JavaScript, Express, REST API, MongoDB, Git"
710,"Java, Spring Boot, SQL, REST API, Git, Microservices",Java Developer,Develops enterprise and backend applications using Java.,"Java, Spring Boot, SQL, REST API, Git, Microservices"
711,"Python, Django, Flask, FastAPI, SQL, Git",Python Developer,"Builds web applications, APIs, and automation using Python.","Python, Django, Flask, FastAPI, SQL, Git"
712,"C++, STL, Data Structures, Algorithms, Linux, Git",C++ Developer,Develops high-performance applications using C++.,"C++, STL, Data Structures, Algorithms, Linux, Git"
713,"Solidity, Ethereum, Web3, JavaScript, Cryptography, Smart Contracts",Blockchain Developer,Develops blockchain applications and smart contracts.,"Solidity, Ethereum, Web3, JavaScript, Cryptography, Smart Contracts"
714,"C++, C#, Unity, Unreal Engine, 3D Math, Game Development",Game Developer,Develops interactive games and game systems.,"C++, C#, Unity, Unreal Engine, 3D Math, Game Development"
715,"Unity, C#, 3D Graphics, Blender, Computer Vision, AR/VR",AR/VR Developer,Develops augmented and virtual reality experiences.,"Unity, C#, 3D Graphics, Blender, Computer Vision, AR/VR"
716,"AWS, Azure, Cloud Architecture, Networking, Docker, Kubernetes",Solutions Architect,Designs scalable technical architectures and cloud solutions.,"AWS, Azure, Cloud Architecture, Networking, Docker, Kubernetes"
717,"AWS, Azure, IAM, Networking, Linux, Cybersecurity",Cloud Security Engineer,"Secures cloud platforms, identities, workloads, and infrastructure.","AWS, Azure, IAM, Networking, Linux, Cybersecurity"
718,"Python, PyTorch, Mathematics, Deep Learning, Research, Machine Learning",AI Research Scientist,Researches new algorithms and methods in artificial intelligence.,"Python, PyTorch, Mathematics, Deep Learning, Research, Machine Learning"
719,"Python, Statistics, Mathematics, Research, Machine Learning, Data Analysis",Research Scientist,Conducts technical research and develops analytical methods.,"Python, Statistics, Mathematics, Research, Machine Learning, Data Analysis"
720,"Python, Java, C++, Git, Data Structures, Algorithms",Software Engineer,Builds and maintains software applications and services.,"Python, Java, C++, Git, Data Structures, Algorithms"
721,"HTML, CSS, JavaScript, React, TypeScript, Git",Frontend Developer,Builds responsive and interactive user interfaces.,"HTML, CSS, JavaScript, React, TypeScript, Git"
722,"Python, Java, Node.js, SQL, REST API, Git",Backend Developer,"Develops server-side applications, APIs, and backend services.","Python, Java, Node.js, SQL, REST API, Git"
723,"HTML, CSS, JavaScript, React, Node.js, SQL, Git",Full Stack Developer,"Works across frontend, backend, APIs, and databases.","HTML, CSS, JavaScript, React, Node.js, SQL, Git"
724,"Python, SQL, Pandas, NumPy, Scikit-learn, Statistics, Machine Learning",Data Scientist,Analyzes data and builds statistical and machine learning models.,"Python, SQL, Pandas, NumPy, Scikit-learn, Statistics, Machine Learning"
725,"Python, TensorFlow, PyTorch, Scikit-learn, SQL, Machine Learning, MLOps",Machine Learning Engineer,"Develops, trains, deploys, and monitors machine learning systems.","Python, TensorFlow, PyTorch, Scikit-learn, SQL, Machine Learning, MLOps"
726,"Python, PyTorch, TensorFlow, Machine Learning, Deep Learning, NLP",AI Engineer,Builds AI-powered applications and intelligent systems.,"Python, PyTorch, TensorFlow, Machine Learning, Deep Learning, NLP"
727,"Python, SQL, Excel, Power BI, Tableau, Statistics",Data Analyst,Analyzes business data and creates reports and dashboards.,"Python, SQL, Excel, Power BI, Tableau, Statistics"
728,"SQL, Excel, Power BI, Tableau, Requirements Analysis, Communication",Business Analyst,Translates business needs into data-driven requirements and solutions.,"SQL, Excel, Power BI, Tableau, Requirements Analysis, Communication"
729,"Python, SQL, Spark, Hadoop, ETL, AWS, Data Warehousing",Data Engineer,Builds data pipelines and infrastructure for large-scale data processing.,"Python, SQL, Spark, Hadoop, ETL, AWS, Data Warehousing"
730,"SQL, PostgreSQL, MySQL, Oracle, Database Design, Python",Database Developer,"Designs, develops, and optimizes database systems.","SQL, PostgreSQL, MySQL, Oracle, Database Design, Python"
731,"AWS, Azure, GCP, Linux, Docker, Kubernetes, Networking",Cloud Engineer,Designs and maintains cloud infrastructure and services.,"AWS, Azure, GCP, Linux, Docker, Kubernetes, Networking"
732,"Linux, Docker, Kubernetes, Jenkins, Git, AWS, CI/CD",DevOps Engineer,Automates software delivery and manages reliable infrastructure.,"Linux, Docker, Kubernetes, Jenkins, Git, AWS, CI/CD"
733,"Linux, Kubernetes, Docker, Python, Monitoring, AWS, CI/CD",Site Reliability Engineer,"Improves reliability, scalability, and availability of production systems.","Linux, Kubernetes, Docker, Python, Monitoring, AWS, CI/CD"
734,"Networking, Linux, Python, SIEM, Threat Detection, Cybersecurity",Cybersecurity Analyst,Monitors systems and investigates security threats.,"Networking, Linux, Python, SIEM, Threat Detection, Cybersecurity"
735,"Linux, Networking, Python, Cloud Security, Cryptography, Cybersecurity",Security Engineer,Designs and implements security controls for systems and networks.,"Linux, Networking, Python, Cloud Security, Cryptography, Cybersecurity"
736,"TCP/IP, Networking, Cisco, Linux, Routing, Switching",Network Engineer,"Designs, configures, and troubleshoots computer networks.","TCP/IP, Networking, Cisco, Linux, Routing, Switching"
737,"TCP/IP, Firewalls, VPN, Linux, Cisco, Cybersecurity",Network Security Engineer,"Secures networks using firewalls, VPNs, monitoring, and access controls.","TCP/IP, Firewalls, VPN, Linux, Cisco, Cybersecurity"
738,"Linux, Windows Server, Networking, Bash, PowerShell, Cloud",Systems Administrator,"Maintains servers, operating systems, accounts, and IT infrastructure.","Linux, Windows Server, Networking, Bash, PowerShell, Cloud"
739,"C, C++, Linux, Operating Systems, Data Structures, Git",System Software Engineer,Develops low-level system software and operating-system components.,"C, C++, Linux, Operating Systems, Data Structures, Git"
740,"C, C++, Microcontrollers, RTOS, Embedded Linux, Electronics",Embedded Systems Engineer,Develops software for embedded devices and hardware systems.,"C, C++, Microcontrollers, RTOS, Embedded Linux, Electronics"
741,"C, C++, Microcontrollers, Embedded Systems, RTOS, Debugging",Firmware Engineer,Develops and debugs firmware for electronic devices.,"C, C++, Microcontrollers, Embedded Systems, RTOS, Debugging"
742,"Python, C++, ROS, Robotics, Computer Vision, Control Systems",Robotics Engineer,Develops software and control systems for robots.,"Python, C++, ROS, Robotics, Computer Vision, Control Systems"
743,"Python, OpenCV, PyTorch, TensorFlow, Deep Learning, Computer Vision",Computer Vision Engineer,Builds systems that understand images and video.,"Python, OpenCV, PyTorch, TensorFlow, Deep Learning, Computer Vision"
744,"Python, NLP, Transformers, PyTorch, TensorFlow, Machine Learning",NLP Engineer,Develops systems for processing and understanding human language.,"Python, NLP, Transformers, PyTorch, TensorFlow, Machine Learning"
745,"Python, LLMs, Transformers, PyTorch, NLP, RAG, Vector Databases",Generative AI Engineer,Builds applications using large language models and generative AI.,"Python, LLMs, Transformers, PyTorch, NLP, RAG, Vector Databases"
746,"Python, Docker, Kubernetes, MLflow, AWS, CI/CD, Machine Learning",MLOps Engineer,Builds infrastructure and workflows for deploying ML models.,"Python, Docker, Kubernetes, MLflow, AWS, CI/CD, Machine Learning"
747,"Python, C++, Statistics, Mathematics, Machine Learning, Finance",Quantitative Analyst,Uses mathematical and statistical models to analyze financial markets.,"Python, C++, Statistics, Mathematics, Machine Learning, Finance"
748,"Excel, Financial Modeling, SQL, Power BI, Accounting, Finance",Financial Analyst,"Analyzes financial data, forecasts, and business performance.","Excel, Financial Modeling, SQL, Power BI, Accounting, Finance"
749,"Product Management, Agile, Scrum, Analytics, Communication, SQL",Product Manager,"Defines product requirements, priorities, and product strategy.","Product Management, Agile, Scrum, Analytics, Communication, SQL"
750,"Project Management, Agile, Scrum, Jira, Communication, Risk Management",Project Manager,"Plans and manages projects, timelines, teams, and resources.","Project Management, Agile, Scrum, Jira, Communication, Risk Management"
751,"Figma, UI Design, UX Research, Prototyping, Wireframing",UI/UX Designer,"Designs user experiences, interfaces, and interactive prototypes.","Figma, UI Design, UX Research, Prototyping, Wireframing"
752,"Manual Testing, Test Cases, SQL, Jira, API Testing, Software Testing",QA Engineer,Tests software to identify defects and verify requirements.,"Manual Testing, Test Cases, SQL, Jira, API Testing, Software Testing"
753,"Selenium, Python, Java, API Testing, Test Automation, Git",QA Automation Engineer,Builds automated tests for software applications.,"Selenium, Python, Java, API Testing, Test Automation, Git"
754,"Android, Kotlin, Java, Firebase, Git",Mobile App Developer,Develops applications for Android mobile devices.,"Android, Kotlin, Java, Firebase, Git"
755,"Swift, SwiftUI, Xcode, iOS, Git",iOS Developer,Develops applications for Apple platforms.,"Swift, SwiftUI, Xcode, iOS, Git"
756,"React, JavaScript, TypeScript, HTML, CSS, Git",React Developer,Builds modern web applications using React.,"React, JavaScript, TypeScript, HTML, CSS, Git"
757,"Node.js, JavaScript, Express, REST API, MongoDB, Git",Node.js Developer,Develops backend applications and APIs with Node.js.,"Node.js, JavaScript, Express, REST API, MongoDB, Git"
758,"Java, Spring Boot, SQL, REST API, Git, Microservices",Java Developer,Develops enterprise and backend applications using Java.,"Java, Spring Boot, SQL, REST API, Git, Microservices"
759,"Python, Django, Flask, FastAPI, SQL, Git",Python Developer,"Builds web applications, APIs, and automation using Python.","Python, Django, Flask, FastAPI, SQL, Git"
760,"C++, STL, Data Structures, Algorithms, Linux, Git",C++ Developer,Develops high-performance applications using C++.,"C++, STL, Data Structures, Algorithms, Linux, Git"
761,"Solidity, Ethereum, Web3, JavaScript, Cryptography, Smart Contracts",Blockchain Developer,Develops blockchain applications and smart contracts.,"Solidity, Ethereum, Web3, JavaScript, Cryptography, Smart Contracts"
762,"C++, C#, Unity, Unreal Engine, 3D Math, Game Development",Game Developer,Develops interactive games and game systems.,"C++, C#, Unity, Unreal Engine, 3D Math, Game Development"
763,"Unity, C#, 3D Graphics, Blender, Computer Vision, AR/VR",AR/VR Developer,Develops augmented and virtual reality experiences.,"Unity, C#, 3D Graphics, Blender, Computer Vision, AR/VR"
764,"AWS, Azure, Cloud Architecture, Networking, Docker, Kubernetes",Solutions Architect,Designs scalable technical architectures and cloud solutions.,"AWS, Azure, Cloud Architecture, Networking, Docker, Kubernetes"
765,"AWS, Azure, IAM, Networking, Linux, Cybersecurity",Cloud Security Engineer,"Secures cloud platforms, identities, workloads, and infrastructure.","AWS, Azure, IAM, Networking, Linux, Cybersecurity"
766,"Python, PyTorch, Mathematics, Deep Learning, Research, Machine Learning",AI Research Scientist,Researches new algorithms and methods in artificial intelligence.,"Python, PyTorch, Mathematics, Deep Learning, Research, Machine Learning"
767,"Python, Statistics, Mathematics, Research, Machine Learning, Data Analysis",Research Scientist,Conducts technical research and develops analytical methods.,"Python, Statistics, Mathematics, Research, Machine Learning, Data Analysis"
768,"Python, Java, C++, Git, Data Structures, Algorithms",Software Engineer,Builds and maintains software applications and services.,"Python, Java, C++, Git, Data Structures, Algorithms"
769,"HTML, CSS, JavaScript, React, TypeScript, Git",Frontend Developer,Builds responsive and interactive user interfaces.,"HTML, CSS, JavaScript, React, TypeScript, Git"
770,"Python, Java, Node.js, SQL, REST API, Git",Backend Developer,"Develops server-side applications, APIs, and backend services.","Python, Java, Node.js, SQL, REST API, Git"
771,"HTML, CSS, JavaScript, React, Node.js, SQL, Git",Full Stack Developer,"Works across frontend, backend, APIs, and databases.","HTML, CSS, JavaScript, React, Node.js, SQL, Git"
772,"Python, SQL, Pandas, NumPy, Scikit-learn, Statistics, Machine Learning",Data Scientist,Analyzes data and builds statistical and machine learning models.,"Python, SQL, Pandas, NumPy, Scikit-learn, Statistics, Machine Learning"
773,"Python, TensorFlow, PyTorch, Scikit-learn, SQL, Machine Learning, MLOps",Machine Learning Engineer,"Develops, trains, deploys, and monitors machine learning systems.","Python, TensorFlow, PyTorch, Scikit-learn, SQL, Machine Learning, MLOps"
774,"Python, PyTorch, TensorFlow, Machine Learning, Deep Learning, NLP",AI Engineer,Builds AI-powered applications and intelligent systems.,"Python, PyTorch, TensorFlow, Machine Learning, Deep Learning, NLP"
775,"Python, SQL, Excel, Power BI, Tableau, Statistics",Data Analyst,Analyzes business data and creates reports and dashboards.,"Python, SQL, Excel, Power BI, Tableau, Statistics"
776,"SQL, Excel, Power BI, Tableau, Requirements Analysis, Communication",Business Analyst,Translates business needs into data-driven requirements and solutions.,"SQL, Excel, Power BI, Tableau, Requirements Analysis, Communication"
777,"Python, SQL, Spark, Hadoop, ETL, AWS, Data Warehousing",Data Engineer,Builds data pipelines and infrastructure for large-scale data processing.,"Python, SQL, Spark, Hadoop, ETL, AWS, Data Warehousing"
778,"SQL, PostgreSQL, MySQL, Oracle, Database Design, Python",Database Developer,"Designs, develops, and optimizes database systems.","SQL, PostgreSQL, MySQL, Oracle, Database Design, Python"
779,"AWS, Azure, GCP, Linux, Docker, Kubernetes, Networking",Cloud Engineer,Designs and maintains cloud infrastructure and services.,"AWS, Azure, GCP, Linux, Docker, Kubernetes, Networking"
780,"Linux, Docker, Kubernetes, Jenkins, Git, AWS, CI/CD",DevOps Engineer,Automates software delivery and manages reliable infrastructure.,"Linux, Docker, Kubernetes, Jenkins, Git, AWS, CI/CD"
781,"Linux, Kubernetes, Docker, Python, Monitoring, AWS, CI/CD",Site Reliability Engineer,"Improves reliability, scalability, and availability of production systems.","Linux, Kubernetes, Docker, Python, Monitoring, AWS, CI/CD"
782,"Networking, Linux, Python, SIEM, Threat Detection, Cybersecurity",Cybersecurity Analyst,Monitors systems and investigates security threats.,"Networking, Linux, Python, SIEM, Threat Detection, Cybersecurity"
783,"Linux, Networking, Python, Cloud Security, Cryptography, Cybersecurity",Security Engineer,Designs and implements security controls for systems and networks.,"Linux, Networking, Python, Cloud Security, Cryptography, Cybersecurity"
784,"TCP/IP, Networking, Cisco, Linux, Routing, Switching",Network Engineer,"Designs, configures, and troubleshoots computer networks.","TCP/IP, Networking, Cisco, Linux, Routing, Switching"
785,"TCP/IP, Firewalls, VPN, Linux, Cisco, Cybersecurity",Network Security Engineer,"Secures networks using firewalls, VPNs, monitoring, and access controls.","TCP/IP, Firewalls, VPN, Linux, Cisco, Cybersecurity"
786,"Linux, Windows Server, Networking, Bash, PowerShell, Cloud",Systems Administrator,"Maintains servers, operating systems, accounts, and IT infrastructure.","Linux, Windows Server, Networking, Bash, PowerShell, Cloud"
787,"C, C++, Linux, Operating Systems, Data Structures, Git",System Software Engineer,Develops low-level system software and operating-system components.,"C, C++, Linux, Operating Systems, Data Structures, Git"
788,"C, C++, Microcontrollers, RTOS, Embedded Linux, Electronics",Embedded Systems Engineer,Develops software for embedded devices and hardware systems.,"C, C++, Microcontrollers, RTOS, Embedded Linux, Electronics"
789,"C, C++, Microcontrollers, Embedded Systems, RTOS, Debugging",Firmware Engineer,Develops and debugs firmware for electronic devices.,"C, C++, Microcontrollers, Embedded Systems, RTOS, Debugging"
790,"Python, C++, ROS, Robotics, Computer Vision, Control Systems",Robotics Engineer,Develops software and control systems for robots.,"Python, C++, ROS, Robotics, Computer Vision, Control Systems"
791,"Python, OpenCV, PyTorch, TensorFlow, Deep Learning, Computer Vision",Computer Vision Engineer,Builds systems that understand images and video.,"Python, OpenCV, PyTorch, TensorFlow, Deep Learning, Computer Vision"
792,"Python, NLP, Transformers, PyTorch, TensorFlow, Machine Learning",NLP Engineer,Develops systems for processing and understanding human language.,"Python, NLP, Transformers, PyTorch, TensorFlow, Machine Learning"
793,"Python, LLMs, Transformers, PyTorch, NLP, RAG, Vector Databases",Generative AI Engineer,Builds applications using large language models and generative AI.,"Python, LLMs, Transformers, PyTorch, NLP, RAG, Vector Databases"
794,"Python, Docker, Kubernetes, MLflow, AWS, CI/CD, Machine Learning",MLOps Engineer,Builds infrastructure and workflows for deploying ML models.,"Python, Docker, Kubernetes, MLflow, AWS, CI/CD, Machine Learning"
795,"Python, C++, Statistics, Mathematics, Machine Learning, Finance",Quantitative Analyst,Uses mathematical and statistical models to analyze financial markets.,"Python, C++, Statistics, Mathematics, Machine Learning, Finance"
796,"Excel, Financial Modeling, SQL, Power BI, Accounting, Finance",Financial Analyst,"Analyzes financial data, forecasts, and business performance.","Excel, Financial Modeling, SQL, Power BI, Accounting, Finance"
797,"Product Management, Agile, Scrum, Analytics, Communication, SQL",Product Manager,"Defines product requirements, priorities, and product strategy.","Product Management, Agile, Scrum, Analytics, Communication, SQL"
798,"Project Management, Agile, Scrum, Jira, Communication, Risk Management",Project Manager,"Plans and manages projects, timelines, teams, and resources.","Project Management, Agile, Scrum, Jira, Communication, Risk Management"
799,"Figma, UI Design, UX Research, Prototyping, Wireframing",UI/UX Designer,"Designs user experiences, interfaces, and interactive prototypes.","Figma, UI Design, UX Research, Prototyping, Wireframing"
800,"Manual Testing, Test Cases, SQL, Jira, API Testing, Software Testing",QA Engineer,Tests software to identify defects and verify requirements.,"Manual Testing, Test Cases, SQL, Jira, API Testing, Software Testing"
801,"Selenium, Python, Java, API Testing, Test Automation, Git",QA Automation Engineer,Builds automated tests for software applications.,"Selenium, Python, Java, API Testing, Test Automation, Git"
802,"Android, Kotlin, Java, Firebase, Git",Mobile App Developer,Develops applications for Android mobile devices.,"Android, Kotlin, Java, Firebase, Git"
803,"Swift, SwiftUI, Xcode, iOS, Git",iOS Developer,Develops applications for Apple platforms.,"Swift, SwiftUI, Xcode, iOS, Git"
804,"React, JavaScript, TypeScript, HTML, CSS, Git",React Developer,Builds modern web applications using React.,"React, JavaScript, TypeScript, HTML, CSS, Git"
805,"Node.js, JavaScript, Express, REST API, MongoDB, Git",Node.js Developer,Develops backend applications and APIs with Node.js.,"Node.js, JavaScript, Express, REST API, MongoDB, Git"
806,"Java, Spring Boot, SQL, REST API, Git, Microservices",Java Developer,Develops enterprise and backend applications using Java.,"Java, Spring Boot, SQL, REST API, Git, Microservices"
807,"Python, Django, Flask, FastAPI, SQL, Git",Python Developer,"Builds web applications, APIs, and automation using Python.","Python, Django, Flask, FastAPI, SQL, Git"
808,"C++, STL, Data Structures, Algorithms, Linux, Git",C++ Developer,Develops high-performance applications using C++.,"C++, STL, Data Structures, Algorithms, Linux, Git"
809,"Solidity, Ethereum, Web3, JavaScript, Cryptography, Smart Contracts",Blockchain Developer,Develops blockchain applications and smart contracts.,"Solidity, Ethereum, Web3, JavaScript, Cryptography, Smart Contracts"
810,"C++, C#, Unity, Unreal Engine, 3D Math, Game Development",Game Developer,Develops interactive games and game systems.,"C++, C#, Unity, Unreal Engine, 3D Math, Game Development"
811,"Unity, C#, 3D Graphics, Blender, Computer Vision, AR/VR",AR/VR Developer,Develops augmented and virtual reality experiences.,"Unity, C#, 3D Graphics, Blender, Computer Vision, AR/VR"
812,"AWS, Azure, Cloud Architecture, Networking, Docker, Kubernetes",Solutions Architect,Designs scalable technical architectures and cloud solutions.,"AWS, Azure, Cloud Architecture, Networking, Docker, Kubernetes"
813,"AWS, Azure, IAM, Networking, Linux, Cybersecurity",Cloud Security Engineer,"Secures cloud platforms, identities, workloads, and infrastructure.","AWS, Azure, IAM, Networking, Linux, Cybersecurity"
814,"Python, PyTorch, Mathematics, Deep Learning, Research, Machine Learning",AI Research Scientist,Researches new algorithms and methods in artificial intelligence.,"Python, PyTorch, Mathematics, Deep Learning, Research, Machine Learning"
815,"Python, Statistics, Mathematics, Research, Machine Learning, Data Analysis",Research Scientist,Conducts technical research and develops analytical methods.,"Python, Statistics, Mathematics, Research, Machine Learning, Data Analysis"
816,"Python, Java, C++, Git, Data Structures, Algorithms",Software Engineer,Builds and maintains software applications and services.,"Python, Java, C++, Git, Data Structures, Algorithms"
817,"HTML, CSS, JavaScript, React, TypeScript, Git",Frontend Developer,Builds responsive and interactive user interfaces.,"HTML, CSS, JavaScript, React, TypeScript, Git"
818,"Python, Java, Node.js, SQL, REST API, Git",Backend Developer,"Develops server-side applications, APIs, and backend services.","Python, Java, Node.js, SQL, REST API, Git"
819,"HTML, CSS, JavaScript, React, Node.js, SQL, Git",Full Stack Developer,"Works across frontend, backend, APIs, and databases.","HTML, CSS, JavaScript, React, Node.js, SQL, Git"
820,"Python, SQL, Pandas, NumPy, Scikit-learn, Statistics, Machine Learning",Data Scientist,Analyzes data and builds statistical and machine learning models.,"Python, SQL, Pandas, NumPy, Scikit-learn, Statistics, Machine Learning"
821,"Python, TensorFlow, PyTorch, Scikit-learn, SQL, Machine Learning, MLOps",Machine Learning Engineer,"Develops, trains, deploys, and monitors machine learning systems.","Python, TensorFlow, PyTorch, Scikit-learn, SQL, Machine Learning, MLOps"
822,"Python, PyTorch, TensorFlow, Machine Learning, Deep Learning, NLP",AI Engineer,Builds AI-powered applications and intelligent systems.,"Python, PyTorch, TensorFlow, Machine Learning, Deep Learning, NLP"
823,"Python, SQL, Excel, Power BI, Tableau, Statistics",Data Analyst,Analyzes business data and creates reports and dashboards.,"Python, SQL, Excel, Power BI, Tableau, Statistics"
824,"SQL, Excel, Power BI, Tableau, Requirements Analysis, Communication",Business Analyst,Translates business needs into data-driven requirements and solutions.,"SQL, Excel, Power BI, Tableau, Requirements Analysis, Communication"
825,"Python, SQL, Spark, Hadoop, ETL, AWS, Data Warehousing",Data Engineer,Builds data pipelines and infrastructure for large-scale data processing.,"Python, SQL, Spark, Hadoop, ETL, AWS, Data Warehousing"
826,"SQL, PostgreSQL, MySQL, Oracle, Database Design, Python",Database Developer,"Designs, develops, and optimizes database systems.","SQL, PostgreSQL, MySQL, Oracle, Database Design, Python"
827,"AWS, Azure, GCP, Linux, Docker, Kubernetes, Networking",Cloud Engineer,Designs and maintains cloud infrastructure and services.,"AWS, Azure, GCP, Linux, Docker, Kubernetes, Networking"
828,"Linux, Docker, Kubernetes, Jenkins, Git, AWS, CI/CD",DevOps Engineer,Automates software delivery and manages reliable infrastructure.,"Linux, Docker, Kubernetes, Jenkins, Git, AWS, CI/CD"
829,"Linux, Kubernetes, Docker, Python, Monitoring, AWS, CI/CD",Site Reliability Engineer,"Improves reliability, scalability, and availability of production systems.","Linux, Kubernetes, Docker, Python, Monitoring, AWS, CI/CD"
830,"Networking, Linux, Python, SIEM, Threat Detection, Cybersecurity",Cybersecurity Analyst,Monitors systems and investigates security threats.,"Networking, Linux, Python, SIEM, Threat Detection, Cybersecurity"
831,"Linux, Networking, Python, Cloud Security, Cryptography, Cybersecurity",Security Engineer,Designs and implements security controls for systems and networks.,"Linux, Networking, Python, Cloud Security, Cryptography, Cybersecurity"
832,"TCP/IP, Networking, Cisco, Linux, Routing, Switching",Network Engineer,"Designs, configures, and troubleshoots computer networks.","TCP/IP, Networking, Cisco, Linux, Routing, Switching"
833,"TCP/IP, Firewalls, VPN, Linux, Cisco, Cybersecurity",Network Security Engineer,"Secures networks using firewalls, VPNs, monitoring, and access controls.","TCP/IP, Firewalls, VPN, Linux, Cisco, Cybersecurity"
834,"Linux, Windows Server, Networking, Bash, PowerShell, Cloud",Systems Administrator,"Maintains servers, operating systems, accounts, and IT infrastructure.","Linux, Windows Server, Networking, Bash, PowerShell, Cloud"
835,"C, C++, Linux, Operating Systems, Data Structures, Git",System Software Engineer,Develops low-level system software and operating-system components.,"C, C++, Linux, Operating Systems, Data Structures, Git"
836,"C, C++, Microcontrollers, RTOS, Embedded Linux, Electronics",Embedded Systems Engineer,Develops software for embedded devices and hardware systems.,"C, C++, Microcontrollers, RTOS, Embedded Linux, Electronics"
837,"C, C++, Microcontrollers, Embedded Systems, RTOS, Debugging",Firmware Engineer,Develops and debugs firmware for electronic devices.,"C, C++, Microcontrollers, Embedded Systems, RTOS, Debugging"
838,"Python, C++, ROS, Robotics, Computer Vision, Control Systems",Robotics Engineer,Develops software and control systems for robots.,"Python, C++, ROS, Robotics, Computer Vision, Control Systems"
839,"Python, OpenCV, PyTorch, TensorFlow, Deep Learning, Computer Vision",Computer Vision Engineer,Builds systems that understand images and video.,"Python, OpenCV, PyTorch, TensorFlow, Deep Learning, Computer Vision"
840,"Python, NLP, Transformers, PyTorch, TensorFlow, Machine Learning",NLP Engineer,Develops systems for processing and understanding human language.,"Python, NLP, Transformers, PyTorch, TensorFlow, Machine Learning"
841,"Python, LLMs, Transformers, PyTorch, NLP, RAG, Vector Databases",Generative AI Engineer,Builds applications using large language models and generative AI.,"Python, LLMs, Transformers, PyTorch, NLP, RAG, Vector Databases"
842,"Python, Docker, Kubernetes, MLflow, AWS, CI/CD, Machine Learning",MLOps Engineer,Builds infrastructure and workflows for deploying ML models.,"Python, Docker, Kubernetes, MLflow, AWS, CI/CD, Machine Learning"
843,"Python, C++, Statistics, Mathematics, Machine Learning, Finance",Quantitative Analyst,Uses mathematical and statistical models to analyze financial markets.,"Python, C++, Statistics, Mathematics, Machine Learning, Finance"
844,"Excel, Financial Modeling, SQL, Power BI, Accounting, Finance",Financial Analyst,"Analyzes financial data, forecasts, and business performance.","Excel, Financial Modeling, SQL, Power BI, Accounting, Finance"
845,"Product Management, Agile, Scrum, Analytics, Communication, SQL",Product Manager,"Defines product requirements, priorities, and product strategy.","Product Management, Agile, Scrum, Analytics, Communication, SQL"
846,"Project Management, Agile, Scrum, Jira, Communication, Risk Management",Project Manager,"Plans and manages projects, timelines, teams, and resources.","Project Management, Agile, Scrum, Jira, Communication, Risk Management"
847,"Figma, UI Design, UX Research, Prototyping, Wireframing",UI/UX Designer,"Designs user experiences, interfaces, and interactive prototypes.","Figma, UI Design, UX Research, Prototyping, Wireframing"
848,"Manual Testing, Test Cases, SQL, Jira, API Testing, Software Testing",QA Engineer,Tests software to identify defects and verify requirements.,"Manual Testing, Test Cases, SQL, Jira, API Testing, Software Testing"
849,"Selenium, Python, Java, API Testing, Test Automation, Git",QA Automation Engineer,Builds automated tests for software applications.,"Selenium, Python, Java, API Testing, Test Automation, Git"
850,"Android, Kotlin, Java, Firebase, Git",Mobile App Developer,Develops applications for Android mobile devices.,"Android, Kotlin, Java, Firebase, Git"
851,"Swift, SwiftUI, Xcode, iOS, Git",iOS Developer,Develops applications for Apple platforms.,"Swift, SwiftUI, Xcode, iOS, Git"
852,"React, JavaScript, TypeScript, HTML, CSS, Git",React Developer,Builds modern web applications using React.,"React, JavaScript, TypeScript, HTML, CSS, Git"
853,"Node.js, JavaScript, Express, REST API, MongoDB, Git",Node.js Developer,Develops backend applications and APIs with Node.js.,"Node.js, JavaScript, Express, REST API, MongoDB, Git"
854,"Java, Spring Boot, SQL, REST API, Git, Microservices",Java Developer,Develops enterprise and backend applications using Java.,"Java, Spring Boot, SQL, REST API, Git, Microservices"
855,"Python, Django, Flask, FastAPI, SQL, Git",Python Developer,"Builds web applications, APIs, and automation using Python.","Python, Django, Flask, FastAPI, SQL, Git"
856,"C++, STL, Data Structures, Algorithms, Linux, Git",C++ Developer,Develops high-performance applications using C++.,"C++, STL, Data Structures, Algorithms, Linux, Git"
857,"Solidity, Ethereum, Web3, JavaScript, Cryptography, Smart Contracts",Blockchain Developer,Develops blockchain applications and smart contracts.,"Solidity, Ethereum, Web3, JavaScript, Cryptography, Smart Contracts"
858,"C++, C#, Unity, Unreal Engine, 3D Math, Game Development",Game Developer,Develops interactive games and game systems.,"C++, C#, Unity, Unreal Engine, 3D Math, Game Development"
859,"Unity, C#, 3D Graphics, Blender, Computer Vision, AR/VR",AR/VR Developer,Develops augmented and virtual reality experiences.,"Unity, C#, 3D Graphics, Blender, Computer Vision, AR/VR"
860,"AWS, Azure, Cloud Architecture, Networking, Docker, Kubernetes",Solutions Architect,Designs scalable technical architectures and cloud solutions.,"AWS, Azure, Cloud Architecture, Networking, Docker, Kubernetes"
861,"AWS, Azure, IAM, Networking, Linux, Cybersecurity",Cloud Security Engineer,"Secures cloud platforms, identities, workloads, and infrastructure.","AWS, Azure, IAM, Networking, Linux, Cybersecurity"
862,"Python, PyTorch, Mathematics, Deep Learning, Research, Machine Learning",AI Research Scientist,Researches new algorithms and methods in artificial intelligence.,"Python, PyTorch, Mathematics, Deep Learning, Research, Machine Learning"
863,"Python, Statistics, Mathematics, Research, Machine Learning, Data Analysis",Research Scientist,Conducts technical research and develops analytical methods.,"Python, Statistics, Mathematics, Research, Machine Learning, Data Analysis"
864,"Python, Java, C++, Git, Data Structures, Algorithms",Software Engineer,Builds and maintains software applications and services.,"Python, Java, C++, Git, Data Structures, Algorithms"
865,"HTML, CSS, JavaScript, React, TypeScript, Git",Frontend Developer,Builds responsive and interactive user interfaces.,"HTML, CSS, JavaScript, React, TypeScript, Git"
866,"Python, Java, Node.js, SQL, REST API, Git",Backend Developer,"Develops server-side applications, APIs, and backend services.","Python, Java, Node.js, SQL, REST API, Git"
867,"HTML, CSS, JavaScript, React, Node.js, SQL, Git",Full Stack Developer,"Works across frontend, backend, APIs, and databases.","HTML, CSS, JavaScript, React, Node.js, SQL, Git"
868,"Python, SQL, Pandas, NumPy, Scikit-learn, Statistics, Machine Learning",Data Scientist,Analyzes data and builds statistical and machine learning models.,"Python, SQL, Pandas, NumPy, Scikit-learn, Statistics, Machine Learning"
869,"Python, TensorFlow, PyTorch, Scikit-learn, SQL, Machine Learning, MLOps",Machine Learning Engineer,"Develops, trains, deploys, and monitors machine learning systems.","Python, TensorFlow, PyTorch, Scikit-learn, SQL, Machine Learning, MLOps"
870,"Python, PyTorch, TensorFlow, Machine Learning, Deep Learning, NLP",AI Engineer,Builds AI-powered applications and intelligent systems.,"Python, PyTorch, TensorFlow, Machine Learning, Deep Learning, NLP"
871,"Python, SQL, Excel, Power BI, Tableau, Statistics",Data Analyst,Analyzes business data and creates reports and dashboards.,"Python, SQL, Excel, Power BI, Tableau, Statistics"
872,"SQL, Excel, Power BI, Tableau, Requirements Analysis, Communication",Business Analyst,Translates business needs into data-driven requirements and solutions.,"SQL, Excel, Power BI, Tableau, Requirements Analysis, Communication"
873,"Python, SQL, Spark, Hadoop, ETL, AWS, Data Warehousing",Data Engineer,Builds data pipelines and infrastructure for large-scale data processing.,"Python, SQL, Spark, Hadoop, ETL, AWS, Data Warehousing"
874,"SQL, PostgreSQL, MySQL, Oracle, Database Design, Python",Database Developer,"Designs, develops, and optimizes database systems.","SQL, PostgreSQL, MySQL, Oracle, Database Design, Python"
875,"AWS, Azure, GCP, Linux, Docker, Kubernetes, Networking",Cloud Engineer,Designs and maintains cloud infrastructure and services.,"AWS, Azure, GCP, Linux, Docker, Kubernetes, Networking"
876,"Linux, Docker, Kubernetes, Jenkins, Git, AWS, CI/CD",DevOps Engineer,Automates software delivery and manages reliable infrastructure.,"Linux, Docker, Kubernetes, Jenkins, Git, AWS, CI/CD"
877,"Linux, Kubernetes, Docker, Python, Monitoring, AWS, CI/CD",Site Reliability Engineer,"Improves reliability, scalability, and availability of production systems.","Linux, Kubernetes, Docker, Python, Monitoring, AWS, CI/CD"
878,"Networking, Linux, Python, SIEM, Threat Detection, Cybersecurity",Cybersecurity Analyst,Monitors systems and investigates security threats.,"Networking, Linux, Python, SIEM, Threat Detection, Cybersecurity"
879,"Linux, Networking, Python, Cloud Security, Cryptography, Cybersecurity",Security Engineer,Designs and implements security controls for systems and networks.,"Linux, Networking, Python, Cloud Security, Cryptography, Cybersecurity"
880,"TCP/IP, Networking, Cisco, Linux, Routing, Switching",Network Engineer,"Designs, configures, and troubleshoots computer networks.","TCP/IP, Networking, Cisco, Linux, Routing, Switching"
881,"TCP/IP, Firewalls, VPN, Linux, Cisco, Cybersecurity",Network Security Engineer,"Secures networks using firewalls, VPNs, monitoring, and access controls.","TCP/IP, Firewalls, VPN, Linux, Cisco, Cybersecurity"
882,"Linux, Windows Server, Networking, Bash, PowerShell, Cloud",Systems Administrator,"Maintains servers, operating systems, accounts, and IT infrastructure.","Linux, Windows Server, Networking, Bash, PowerShell, Cloud"
883,"C, C++, Linux, Operating Systems, Data Structures, Git",System Software Engineer,Develops low-level system software and operating-system components.,"C, C++, Linux, Operating Systems, Data Structures, Git"
884,"C, C++, Microcontrollers, RTOS, Embedded Linux, Electronics",Embedded Systems Engineer,Develops software for embedded devices and hardware systems.,"C, C++, Microcontrollers, RTOS, Embedded Linux, Electronics"
885,"C, C++, Microcontrollers, Embedded Systems, RTOS, Debugging",Firmware Engineer,Develops and debugs firmware for electronic devices.,"C, C++, Microcontrollers, Embedded Systems, RTOS, Debugging"
886,"Python, C++, ROS, Robotics, Computer Vision, Control Systems",Robotics Engineer,Develops software and control systems for robots.,"Python, C++, ROS, Robotics, Computer Vision, Control Systems"
887,"Python, OpenCV, PyTorch, TensorFlow, Deep Learning, Computer Vision",Computer Vision Engineer,Builds systems that understand images and video.,"Python, OpenCV, PyTorch, TensorFlow, Deep Learning, Computer Vision"
888,"Python, NLP, Transformers, PyTorch, TensorFlow, Machine Learning",NLP Engineer,Develops systems for processing and understanding human language.,"Python, NLP, Transformers, PyTorch, TensorFlow, Machine Learning"
889,"Python, LLMs, Transformers, PyTorch, NLP, RAG, Vector Databases",Generative AI Engineer,Builds applications using large language models and generative AI.,"Python, LLMs, Transformers, PyTorch, NLP, RAG, Vector Databases"
890,"Python, Docker, Kubernetes, MLflow, AWS, CI/CD, Machine Learning",MLOps Engineer,Builds infrastructure and workflows for deploying ML models.,"Python, Docker, Kubernetes, MLflow, AWS, CI/CD, Machine Learning"
891,"Python, C++, Statistics, Mathematics, Machine Learning, Finance",Quantitative Analyst,Uses mathematical and statistical models to analyze financial markets.,"Python, C++, Statistics, Mathematics, Machine Learning, Finance"
892,"Excel, Financial Modeling, SQL, Power BI, Accounting, Finance",Financial Analyst,"Analyzes financial data, forecasts, and business performance.","Excel, Financial Modeling, SQL, Power BI, Accounting, Finance"
893,"Product Management, Agile, Scrum, Analytics, Communication, SQL",Product Manager,"Defines product requirements, priorities, and product strategy.","Product Management, Agile, Scrum, Analytics, Communication, SQL"
894,"Project Management, Agile, Scrum, Jira, Communication, Risk Management",Project Manager,"Plans and manages projects, timelines, teams, and resources.","Project Management, Agile, Scrum, Jira, Communication, Risk Management"
895,"Figma, UI Design, UX Research, Prototyping, Wireframing",UI/UX Designer,"Designs user experiences, interfaces, and interactive prototypes.","Figma, UI Design, UX Research, Prototyping, Wireframing"
896,"Manual Testing, Test Cases, SQL, Jira, API Testing, Software Testing",QA Engineer,Tests software to identify defects and verify requirements.,"Manual Testing, Test Cases, SQL, Jira, API Testing, Software Testing"
897,"Selenium, Python, Java, API Testing, Test Automation, Git",QA Automation Engineer,Builds automated tests for software applications.,"Selenium, Python, Java, API Testing, Test Automation, Git"
898,"Android, Kotlin, Java, Firebase, Git",Mobile App Developer,Develops applications for Android mobile devices.,"Android, Kotlin, Java, Firebase, Git"
899,"Swift, SwiftUI, Xcode, iOS, Git",iOS Developer,Develops applications for Apple platforms.,"Swift, SwiftUI, Xcode, iOS, Git"
900,"React, JavaScript, TypeScript, HTML, CSS, Git",React Developer,Builds modern web applications using React.,"React, JavaScript, TypeScript, HTML, CSS, Git"
901,"Node.js, JavaScript, Express, REST API, MongoDB, Git",Node.js Developer,Develops backend applications and APIs with Node.js.,"Node.js, JavaScript, Express, REST API, MongoDB, Git"
902,"Java, Spring Boot, SQL, REST API, Git, Microservices",Java Developer,Develops enterprise and backend applications using Java.,"Java, Spring Boot, SQL, REST API, Git, Microservices"
903,"Python, Django, Flask, FastAPI, SQL, Git",Python Developer,"Builds web applications, APIs, and automation using Python.","Python, Django, Flask, FastAPI, SQL, Git"
904,"C++, STL, Data Structures, Algorithms, Linux, Git",C++ Developer,Develops high-performance applications using C++.,"C++, STL, Data Structures, Algorithms, Linux, Git"
905,"Solidity, Ethereum, Web3, JavaScript, Cryptography, Smart Contracts",Blockchain Developer,Develops blockchain applications and smart contracts.,"Solidity, Ethereum, Web3, JavaScript, Cryptography, Smart Contracts"
906,"C++, C#, Unity, Unreal Engine, 3D Math, Game Development",Game Developer,Develops interactive games and game systems.,"C++, C#, Unity, Unreal Engine, 3D Math, Game Development"
907,"Unity, C#, 3D Graphics, Blender, Computer Vision, AR/VR",AR/VR Developer,Develops augmented and virtual reality experiences.,"Unity, C#, 3D Graphics, Blender, Computer Vision, AR/VR"
908,"AWS, Azure, Cloud Architecture, Networking, Docker, Kubernetes",Solutions Architect,Designs scalable technical architectures and cloud solutions.,"AWS, Azure, Cloud Architecture, Networking, Docker, Kubernetes"
909,"AWS, Azure, IAM, Networking, Linux, Cybersecurity",Cloud Security Engineer,"Secures cloud platforms, identities, workloads, and infrastructure.","AWS, Azure, IAM, Networking, Linux, Cybersecurity"
910,"Python, PyTorch, Mathematics, Deep Learning, Research, Machine Learning",AI Research Scientist,Researches new algorithms and methods in artificial intelligence.,"Python, PyTorch, Mathematics, Deep Learning, Research, Machine Learning"
911,"Python, Statistics, Mathematics, Research, Machine Learning, Data Analysis",Research Scientist,Conducts technical research and develops analytical methods.,"Python, Statistics, Mathematics, Research, Machine Learning, Data Analysis"
912,"Python, Java, C++, Git, Data Structures, Algorithms",Software Engineer,Builds and maintains software applications and services.,"Python, Java, C++, Git, Data Structures, Algorithms"
913,"HTML, CSS, JavaScript, React, TypeScript, Git",Frontend Developer,Builds responsive and interactive user interfaces.,"HTML, CSS, JavaScript, React, TypeScript, Git"
914,"Python, Java, Node.js, SQL, REST API, Git",Backend Developer,"Develops server-side applications, APIs, and backend services.","Python, Java, Node.js, SQL, REST API, Git"
915,"HTML, CSS, JavaScript, React, Node.js, SQL, Git",Full Stack Developer,"Works across frontend, backend, APIs, and databases.","HTML, CSS, JavaScript, React, Node.js, SQL, Git"
916,"Python, SQL, Pandas, NumPy, Scikit-learn, Statistics, Machine Learning",Data Scientist,Analyzes data and builds statistical and machine learning models.,"Python, SQL, Pandas, NumPy, Scikit-learn, Statistics, Machine Learning"
917,"Python, TensorFlow, PyTorch, Scikit-learn, SQL, Machine Learning, MLOps",Machine Learning Engineer,"Develops, trains, deploys, and monitors machine learning systems.","Python, TensorFlow, PyTorch, Scikit-learn, SQL, Machine Learning, MLOps"
918,"Python, PyTorch, TensorFlow, Machine Learning, Deep Learning, NLP",AI Engineer,Builds AI-powered applications and intelligent systems.,"Python, PyTorch, TensorFlow, Machine Learning, Deep Learning, NLP"
919,"Python, SQL, Excel, Power BI, Tableau, Statistics",Data Analyst,Analyzes business data and creates reports and dashboards.,"Python, SQL, Excel, Power BI, Tableau, Statistics"
920,"SQL, Excel, Power BI, Tableau, Requirements Analysis, Communication",Business Analyst,Translates business needs into data-driven requirements and solutions.,"SQL, Excel, Power BI, Tableau, Requirements Analysis, Communication"
921,"Python, SQL, Spark, Hadoop, ETL, AWS, Data Warehousing",Data Engineer,Builds data pipelines and infrastructure for large-scale data processing.,"Python, SQL, Spark, Hadoop, ETL, AWS, Data Warehousing"
922,"SQL, PostgreSQL, MySQL, Oracle, Database Design, Python",Database Developer,"Designs, develops, and optimizes database systems.","SQL, PostgreSQL, MySQL, Oracle, Database Design, Python"
923,"AWS, Azure, GCP, Linux, Docker, Kubernetes, Networking",Cloud Engineer,Designs and maintains cloud infrastructure and services.,"AWS, Azure, GCP, Linux, Docker, Kubernetes, Networking"
924,"Linux, Docker, Kubernetes, Jenkins, Git, AWS, CI/CD",DevOps Engineer,Automates software delivery and manages reliable infrastructure.,"Linux, Docker, Kubernetes, Jenkins, Git, AWS, CI/CD"
925,"Linux, Kubernetes, Docker, Python, Monitoring, AWS, CI/CD",Site Reliability Engineer,"Improves reliability, scalability, and availability of production systems.","Linux, Kubernetes, Docker, Python, Monitoring, AWS, CI/CD"
926,"Networking, Linux, Python, SIEM, Threat Detection, Cybersecurity",Cybersecurity Analyst,Monitors systems and investigates security threats.,"Networking, Linux, Python, SIEM, Threat Detection, Cybersecurity"
927,"Linux, Networking, Python, Cloud Security, Cryptography, Cybersecurity",Security Engineer,Designs and implements security controls for systems and networks.,"Linux, Networking, Python, Cloud Security, Cryptography, Cybersecurity"
928,"TCP/IP, Networking, Cisco, Linux, Routing, Switching",Network Engineer,"Designs, configures, and troubleshoots computer networks.","TCP/IP, Networking, Cisco, Linux, Routing, Switching"
929,"TCP/IP, Firewalls, VPN, Linux, Cisco, Cybersecurity",Network Security Engineer,"Secures networks using firewalls, VPNs, monitoring, and access controls.","TCP/IP, Firewalls, VPN, Linux, Cisco, Cybersecurity"
930,"Linux, Windows Server, Networking, Bash, PowerShell, Cloud",Systems Administrator,"Maintains servers, operating systems, accounts, and IT infrastructure.","Linux, Windows Server, Networking, Bash, PowerShell, Cloud"
931,"C, C++, Linux, Operating Systems, Data Structures, Git",System Software Engineer,Develops low-level system software and operating-system components.,"C, C++, Linux, Operating Systems, Data Structures, Git"
932,"C, C++, Microcontrollers, RTOS, Embedded Linux, Electronics",Embedded Systems Engineer,Develops software for embedded devices and hardware systems.,"C, C++, Microcontrollers, RTOS, Embedded Linux, Electronics"
933,"C, C++, Microcontrollers, Embedded Systems, RTOS, Debugging",Firmware Engineer,Develops and debugs firmware for electronic devices.,"C, C++, Microcontrollers, Embedded Systems, RTOS, Debugging"
934,"Python, C++, ROS, Robotics, Computer Vision, Control Systems",Robotics Engineer,Develops software and control systems for robots.,"Python, C++, ROS, Robotics, Computer Vision, Control Systems"
935,"Python, OpenCV, PyTorch, TensorFlow, Deep Learning, Computer Vision",Computer Vision Engineer,Builds systems that understand images and video.,"Python, OpenCV, PyTorch, TensorFlow, Deep Learning, Computer Vision"
936,"Python, NLP, Transformers, PyTorch, TensorFlow, Machine Learning",NLP Engineer,Develops systems for processing and understanding human language.,"Python, NLP, Transformers, PyTorch, TensorFlow, Machine Learning"
937,"Python, LLMs, Transformers, PyTorch, NLP, RAG, Vector Databases",Generative AI Engineer,Builds applications using large language models and generative AI.,"Python, LLMs, Transformers, PyTorch, NLP, RAG, Vector Databases"
938,"Python, Docker, Kubernetes, MLflow, AWS, CI/CD, Machine Learning",MLOps Engineer,Builds infrastructure and workflows for deploying ML models.,"Python, Docker, Kubernetes, MLflow, AWS, CI/CD, Machine Learning"
939,"Python, C++, Statistics, Mathematics, Machine Learning, Finance",Quantitative Analyst,Uses mathematical and statistical models to analyze financial markets.,"Python, C++, Statistics, Mathematics, Machine Learning, Finance"
940,"Excel, Financial Modeling, SQL, Power BI, Accounting, Finance",Financial Analyst,"Analyzes financial data, forecasts, and business performance.","Excel, Financial Modeling, SQL, Power BI, Accounting, Finance"
941,"Product Management, Agile, Scrum, Analytics, Communication, SQL",Product Manager,"Defines product requirements, priorities, and product strategy.","Product Management, Agile, Scrum, Analytics, Communication, SQL"
942,"Project Management, Agile, Scrum, Jira, Communication, Risk Management",Project Manager,"Plans and manages projects, timelines, teams, and resources.","Project Management, Agile, Scrum, Jira, Communication, Risk Management"
943,"Figma, UI Design, UX Research, Prototyping, Wireframing",UI/UX Designer,"Designs user experiences, interfaces, and interactive prototypes.","Figma, UI Design, UX Research, Prototyping, Wireframing"
944,"Manual Testing, Test Cases, SQL, Jira, API Testing, Software Testing",QA Engineer,Tests software to identify defects and verify requirements.,"Manual Testing, Test Cases, SQL, Jira, API Testing, Software Testing"
945,"Selenium, Python, Java, API Testing, Test Automation, Git",QA Automation Engineer,Builds automated tests for software applications.,"Selenium, Python, Java, API Testing, Test Automation, Git"
946,"Android, Kotlin, Java, Firebase, Git",Mobile App Developer,Develops applications for Android mobile devices.,"Android, Kotlin, Java, Firebase, Git"
947,"Swift, SwiftUI, Xcode, iOS, Git",iOS Developer,Develops applications for Apple platforms.,"Swift, SwiftUI, Xcode, iOS, Git"
948,"React, JavaScript, TypeScript, HTML, CSS, Git",React Developer,Builds modern web applications using React.,"React, JavaScript, TypeScript, HTML, CSS, Git"
949,"Node.js, JavaScript, Express, REST API, MongoDB, Git",Node.js Developer,Develops backend applications and APIs with Node.js.,"Node.js, JavaScript, Express, REST API, MongoDB, Git"
950,"Java, Spring Boot, SQL, REST API, Git, Microservices",Java Developer,Develops enterprise and backend applications using Java.,"Java, Spring Boot, SQL, REST API, Git, Microservices"
951,"Python, Django, Flask, FastAPI, SQL, Git",Python Developer,"Builds web applications, APIs, and automation using Python.","Python, Django, Flask, FastAPI, SQL, Git"
952,"C++, STL, Data Structures, Algorithms, Linux, Git",C++ Developer,Develops high-performance applications using C++.,"C++, STL, Data Structures, Algorithms, Linux, Git"
953,"Solidity, Ethereum, Web3, JavaScript, Cryptography, Smart Contracts",Blockchain Developer,Develops blockchain applications and smart contracts.,"Solidity, Ethereum, Web3, JavaScript, Cryptography, Smart Contracts"
954,"C++, C#, Unity, Unreal Engine, 3D Math, Game Development",Game Developer,Develops interactive games and game systems.,"C++, C#, Unity, Unreal Engine, 3D Math, Game Development"
955,"Unity, C#, 3D Graphics, Blender, Computer Vision, AR/VR",AR/VR Developer,Develops augmented and virtual reality experiences.,"Unity, C#, 3D Graphics, Blender, Computer Vision, AR/VR"
956,"AWS, Azure, Cloud Architecture, Networking, Docker, Kubernetes",Solutions Architect,Designs scalable technical architectures and cloud solutions.,"AWS, Azure, Cloud Architecture, Networking, Docker, Kubernetes"
957,"AWS, Azure, IAM, Networking, Linux, Cybersecurity",Cloud Security Engineer,"Secures cloud platforms, identities, workloads, and infrastructure.","AWS, Azure, IAM, Networking, Linux, Cybersecurity"
958,"Python, PyTorch, Mathematics, Deep Learning, Research, Machine Learning",AI Research Scientist,Researches new algorithms and methods in artificial intelligence.,"Python, PyTorch, Mathematics, Deep Learning, Research, Machine Learning"
959,"Python, Statistics, Mathematics, Research, Machine Learning, Data Analysis",Research Scientist,Conducts technical research and develops analytical methods.,"Python, Statistics, Mathematics, Research, Machine Learning, Data Analysis"
960,"Python, Java, C++, Git, Data Structures, Algorithms",Software Engineer,Builds and maintains software applications and services.,"Python, Java, C++, Git, Data Structures, Algorithms"
961,"HTML, CSS, JavaScript, React, TypeScript, Git",Frontend Developer,Builds responsive and interactive user interfaces.,"HTML, CSS, JavaScript, React, TypeScript, Git"
962,"Python, Java, Node.js, SQL, REST API, Git",Backend Developer,"Develops server-side applications, APIs, and backend services.","Python, Java, Node.js, SQL, REST API, Git"
963,"HTML, CSS, JavaScript, React, Node.js, SQL, Git",Full Stack Developer,"Works across frontend, backend, APIs, and databases.","HTML, CSS, JavaScript, React, Node.js, SQL, Git"
964,"Python, SQL, Pandas, NumPy, Scikit-learn, Statistics, Machine Learning",Data Scientist,Analyzes data and builds statistical and machine learning models.,"Python, SQL, Pandas, NumPy, Scikit-learn, Statistics, Machine Learning"
965,"Python, TensorFlow, PyTorch, Scikit-learn, SQL, Machine Learning, MLOps",Machine Learning Engineer,"Develops, trains, deploys, and monitors machine learning systems.","Python, TensorFlow, PyTorch, Scikit-learn, SQL, Machine Learning, MLOps"
966,"Python, PyTorch, TensorFlow, Machine Learning, Deep Learning, NLP",AI Engineer,Builds AI-powered applications and intelligent systems.,"Python, PyTorch, TensorFlow, Machine Learning, Deep Learning, NLP"
967,"Python, SQL, Excel, Power BI, Tableau, Statistics",Data Analyst,Analyzes business data and creates reports and dashboards.,"Python, SQL, Excel, Power BI, Tableau, Statistics"
968,"SQL, Excel, Power BI, Tableau, Requirements Analysis, Communication",Business Analyst,Translates business needs into data-driven requirements and solutions.,"SQL, Excel, Power BI, Tableau, Requirements Analysis, Communication"
969,"Python, SQL, Spark, Hadoop, ETL, AWS, Data Warehousing",Data Engineer,Builds data pipelines and infrastructure for large-scale data processing.,"Python, SQL, Spark, Hadoop, ETL, AWS, Data Warehousing"
970,"SQL, PostgreSQL, MySQL, Oracle, Database Design, Python",Database Developer,"Designs, develops, and optimizes database systems.","SQL, PostgreSQL, MySQL, Oracle, Database Design, Python"
971,"AWS, Azure, GCP, Linux, Docker, Kubernetes, Networking",Cloud Engineer,Designs and maintains cloud infrastructure and services.,"AWS, Azure, GCP, Linux, Docker, Kubernetes, Networking"
972,"Linux, Docker, Kubernetes, Jenkins, Git, AWS, CI/CD",DevOps Engineer,Automates software delivery and manages reliable infrastructure.,"Linux, Docker, Kubernetes, Jenkins, Git, AWS, CI/CD"
973,"Linux, Kubernetes, Docker, Python, Monitoring, AWS, CI/CD",Site Reliability Engineer,"Improves reliability, scalability, and availability of production systems.","Linux, Kubernetes, Docker, Python, Monitoring, AWS, CI/CD"
974,"Networking, Linux, Python, SIEM, Threat Detection, Cybersecurity",Cybersecurity Analyst,Monitors systems and investigates security threats.,"Networking, Linux, Python, SIEM, Threat Detection, Cybersecurity"
975,"Linux, Networking, Python, Cloud Security, Cryptography, Cybersecurity",Security Engineer,Designs and implements security controls for systems and networks.,"Linux, Networking, Python, Cloud Security, Cryptography, Cybersecurity"
976,"TCP/IP, Networking, Cisco, Linux, Routing, Switching",Network Engineer,"Designs, configures, and troubleshoots computer networks.","TCP/IP, Networking, Cisco, Linux, Routing, Switching"
977,"TCP/IP, Firewalls, VPN, Linux, Cisco, Cybersecurity",Network Security Engineer,"Secures networks using firewalls, VPNs, monitoring, and access controls.","TCP/IP, Firewalls, VPN, Linux, Cisco, Cybersecurity"
978,"Linux, Windows Server, Networking, Bash, PowerShell, Cloud",Systems Administrator,"Maintains servers, operating systems, accounts, and IT infrastructure.","Linux, Windows Server, Networking, Bash, PowerShell, Cloud"
979,"C, C++, Linux, Operating Systems, Data Structures, Git",System Software Engineer,Develops low-level system software and operating-system components.,"C, C++, Linux, Operating Systems, Data Structures, Git"
980,"C, C++, Microcontrollers, RTOS, Embedded Linux, Electronics",Embedded Systems Engineer,Develops software for embedded devices and hardware systems.,"C, C++, Microcontrollers, RTOS, Embedded Linux, Electronics"
981,"C, C++, Microcontrollers, Embedded Systems, RTOS, Debugging",Firmware Engineer,Develops and debugs firmware for electronic devices.,"C, C++, Microcontrollers, Embedded Systems, RTOS, Debugging"
982,"Python, C++, ROS, Robotics, Computer Vision, Control Systems",Robotics Engineer,Develops software and control systems for robots.,"Python, C++, ROS, Robotics, Computer Vision, Control Systems"
983,"Python, OpenCV, PyTorch, TensorFlow, Deep Learning, Computer Vision",Computer Vision Engineer,Builds systems that understand images and video.,"Python, OpenCV, PyTorch, TensorFlow, Deep Learning, Computer Vision"
984,"Python, NLP, Transformers, PyTorch, TensorFlow, Machine Learning",NLP Engineer,Develops systems for processing and understanding human language.,"Python, NLP, Transformers, PyTorch, TensorFlow, Machine Learning"
985,"Python, LLMs, Transformers, PyTorch, NLP, RAG, Vector Databases",Generative AI Engineer,Builds applications using large language models and generative AI.,"Python, LLMs, Transformers, PyTorch, NLP, RAG, Vector Databases"
986,"Python, Docker, Kubernetes, MLflow, AWS, CI/CD, Machine Learning",MLOps Engineer,Builds infrastructure and workflows for deploying ML models.,"Python, Docker, Kubernetes, MLflow, AWS, CI/CD, Machine Learning"
987,"Python, C++, Statistics, Mathematics, Machine Learning, Finance",Quantitative Analyst,Uses mathematical and statistical models to analyze financial markets.,"Python, C++, Statistics, Mathematics, Machine Learning, Finance"
988,"Excel, Financial Modeling, SQL, Power BI, Accounting, Finance",Financial Analyst,"Analyzes financial data, forecasts, and business performance.","Excel, Financial Modeling, SQL, Power BI, Accounting, Finance"
989,"Product Management, Agile, Scrum, Analytics, Communication, SQL",Product Manager,"Defines product requirements, priorities, and product strategy.","Product Management, Agile, Scrum, Analytics, Communication, SQL"
990,"Project Management, Agile, Scrum, Jira, Communication, Risk Management",Project Manager,"Plans and manages projects, timelines, teams, and resources.","Project Management, Agile, Scrum, Jira, Communication, Risk Management"
991,"Figma, UI Design, UX Research, Prototyping, Wireframing",UI/UX Designer,"Designs user experiences, interfaces, and interactive prototypes.","Figma, UI Design, UX Research, Prototyping, Wireframing"
992,"Manual Testing, Test Cases, SQL, Jira, API Testing, Software Testing",QA Engineer,Tests software to identify defects and verify requirements.,"Manual Testing, Test Cases, SQL, Jira, API Testing, Software Testing"
993,"Selenium, Python, Java, API Testing, Test Automation, Git",QA Automation Engineer,Builds automated tests for software applications.,"Selenium, Python, Java, API Testing, Test Automation, Git"
994,"Android, Kotlin, Java, Firebase, Git",Mobile App Developer,Develops applications for Android mobile devices.,"Android, Kotlin, Java, Firebase, Git"
995,"Swift, SwiftUI, Xcode, iOS, Git",iOS Developer,Develops applications for Apple platforms.,"Swift, SwiftUI, Xcode, iOS, Git"
996,"React, JavaScript, TypeScript, HTML, CSS, Git",React Developer,Builds modern web applications using React.,"React, JavaScript, TypeScript, HTML, CSS, Git"
997,"Node.js, JavaScript, Express, REST API, MongoDB, Git",Node.js Developer,Develops backend applications and APIs with Node.js.,"Node.js, JavaScript, Express, REST API, MongoDB, Git"
998,"Java, Spring Boot, SQL, REST API, Git, Microservices",Java Developer,Develops enterprise and backend applications using Java.,"Java, Spring Boot, SQL, REST API, Git, Microservices"
999,"Python, Django, Flask, FastAPI, SQL, Git",Python Developer,"Builds web applications, APIs, and automation using Python.","Python, Django, Flask, FastAPI, SQL, Git"
